"county","FIPS","rcp","model","start50yrs","months","X2050","X2051","X2052","X2053","X2054","X2055","X2056","X2057","X2058","X2059","X2060","X2061","X2062","X2063","X2064","X2065","X2066","X2067","X2068","X2069","X2070","X2071","X2072","X2073","X2074","X2075","X2076","X2077","X2078","X2079","X2080","X2081","X2082","X2083","X2084","X2085","X2086","X2087","X2088","X2089","X2090","X2091","X2092","X2093","X2094","X2095","X2096","X2097","X2098","X2099"
"wascoCA_50km_shp","shp","rcp45","BNU-ESM",2050,"jan",0,0,0,0,0,0,0,0,0,0.678321678321678,0,0,0,0,0,0,0,0,0,0,0,0,0,0,0,0,0,0,0,0,0,0,0,0,0,0,0,0,0,0,0,0,0,0,0,0,0,0,0,0
"wascoCA_50km_shp","shp","rcp45","BNU-ESM",2050,"feb",0,0,0,0,0,0,0,0,0,0,0,0,0,0,0,0,0,0,0,0,0,0,0,0,0,0,0,0,0,0,0,0,0,0,0,0,0,0,0,0,0,0,0,0,0,0,0,0,0,0
"wascoCA_50km_shp","shp","rcp45","BNU-ESM",2050,"mar",0,0,0,0,0,0,0,0,0,0,0,0,0,0,0,0,0,0,0,0,0,0,0,0,0,0,0,0,0,0,0,0,0,0,0,0,0,0,0,0,0,0,0,0,0,0,0,0,0,0
"wascoCA_50km_shp","shp","rcp45","BNU-ESM",2050,"apr",0,0,0,0,0,0,0,0,0,0,0,0,0,0,0,0,0,0,0,0,0,0,0,0,0,0,0,0,0,0,0,0,0,0,0,0,0,0,0,0,0,0,0,0,0,0,0,0,0,0
"wascoCA_50km_shp","shp","rcp45","BNU-ESM",2050,"may",0,0,0,0,0,0,0,0,0,0,0,0,0,0,0,0,0,0,0,0,0,0,0,0,0,0,0,0,0,0,0,0,0,0,0,0,0,0,0,0,0,0,0,0,0,0,0,0,0,0
"wascoCA_50km_shp","shp","rcp45","BNU-ESM",2050,"jun",0,0,0,0,0,0,0,0,0,0,0,0,0,0,0,0,0,0,0,0,0,0,0,0,0,0,0,0,0,0,0,0,0,0,0,0,0,0,0,0,0,0,0,0,0,0,0,0,0,0
"wascoCA_50km_shp","shp","rcp45","BNU-ESM",2050,"jul",0,0,0,0,0,0,0,0,0,0,0,0,0,0,0,0,0,0,0,0,0,0,0,0,0,0,0,0,0,0,0,0,0,0,0,0,0,0,0,0,0,0,0,0,0,0,0,0,0,0
"wascoCA_50km_shp","shp","rcp45","BNU-ESM",2050,"aug",0,0,0,0,0,0,0,0,0,0,0,0,0,0,0,0,0,0,0,0,0,0,0,0,0,0,0,0,0,0,0,0,0,0,0,0,0,0,0,0,0,0,0,0,0,0,0,0,0,0
"wascoCA_50km_shp","shp","rcp45","BNU-ESM",2050,"sep",0,0,0,0,0,0,0,0,0,0,0,0,0,0,0,0,0.321678321678322,0,0,0,0,0,0,0,0,0,0,0,0,0,0,0.118881118881119,0,0,0,0,0,0,0,0,0,0,0,0,0,0,0,0,0,0
"wascoCA_50km_shp","shp","rcp45","BNU-ESM",2050,"oct",0,0,0,0,0,0,0,0,0,0,0,0,0,0,0,0,0,0,0,0,0,0,0,0,0,0,0,0,0,0,0,0,0,0,0,0,0,0,0,0,0,0,0,0,0,0,0,0,0,0
"wascoCA_50km_shp","shp","rcp45","BNU-ESM",2050,"nov",0,0,0,0,0,0,0,0,0,0,0,0,0,0,0,0,0,0,0,0,0,0,0,0,0,0,0,0,0,0,0,0,0,0,0,0,0,0,0,0,0,0,0,0,0,0,0,0,0,0
"wascoCA_50km_shp","shp","rcp45","BNU-ESM",2050,"dec",0,0,0,0,0,0,0,0,0,0,0,0,0,0,0,0,0,0,0,0,0,0,0,0,0,0,0,0,0,0,0,0,0,0,0,0,0,0,0,0,0,0,0,0,0,0,0,0,0,0
"wascoCA_50km_shp","shp","rcp85","BNU-ESM",2050,"jan",0,0,0,0,0,0,0,0,0,0,0,0,0,0,0,0,0,0,0.118881118881119,0,0,0,0,0,0,0,0,0,0,0,0,0,0,0,0,0,0,0,0,0,0,0,0,0,0,0,0,0,0,0
"wascoCA_50km_shp","shp","rcp85","BNU-ESM",2050,"feb",0,0,0,0,0,0,0,0,0,0,0,0,0,0,0,0,0,0,0,0,0,0,0,0,0,0,0,0,0,0,0,0,0,0,0,0,0,0,0,0,0,0,0,0,0,0,0,0,0,0
"wascoCA_50km_shp","shp","rcp85","BNU-ESM",2050,"mar",0,0,0,0,0,0,0,0,0,0,0,0,0,0,0,0,0,0,0,0,0,0,0,0,0,0,0,0,0,0,0,0,0,0,0,0,0,0,0,0,0,0,0,0,0,0,0,0,0,0
"wascoCA_50km_shp","shp","rcp85","BNU-ESM",2050,"apr",0,0,0,0,0,0,0,0,0,0,0,0,0,0,0,0,0,0,0,0,0,0,0,0,0,0,0,0,0,0,0,0,0,0,0,0,0,0,0,0,0,0,0,0,0,0,0,0,0,0
"wascoCA_50km_shp","shp","rcp85","BNU-ESM",2050,"may",0,0,0,0,0,0,0,0,0,0,0,0,0,0.86013986013986,0,0,0,0,0,0,0,0,0,0,0,0,0,0,0,0,0,0,0,0,0,0,0,0,0,0,0,0,0,0,0,0,0,0,0,0
"wascoCA_50km_shp","shp","rcp85","BNU-ESM",2050,"jun",0,0,0,0,0,0,0,0,0,0,0,0,0,0,0,0,0,0,0,0,0,0,0,0,0,0,0,0,0,0,0,0,0,0,0,0,0,0,0,0,0,0,0,0,0,0,0,0,0,0
"wascoCA_50km_shp","shp","rcp85","BNU-ESM",2050,"jul",0,0,0,0,0,0,0,0,0,0,0,0,0,0,0,0,0,0,0,0,0,0,0,0,0,0,0,0,0,0,0,0,0,0,0,0,0,0,0,0,0,0,0,0,0,0,0,0,0,0
"wascoCA_50km_shp","shp","rcp85","BNU-ESM",2050,"aug",0,0,0,0,0,0,0,0,0,0,0,0,0,0,0,0,0,0,0,0,0,0,0,0,0,0,0,0,0,0,0,0,0,0,0,0,0,0,0,0,0,0,0,0,0,0,0,0,0,0
"wascoCA_50km_shp","shp","rcp85","BNU-ESM",2050,"sep",0,0,0,0,0,0,0,0,0,0,0,0,0,0,0,0,0,0,0,0,0,0,0,0,0,0,0,0,0,0,0,0,0,0,0,0,0,0,0,0,0.972027972027972,0,0,0,0,0,0,0,0,0
"wascoCA_50km_shp","shp","rcp85","BNU-ESM",2050,"oct",0,0,0,0,0,0,0,0,0,0,0,0,0,0,0,0,0,0,0,0,0,0,0,0,0,0,0,0,0,0,0,0,0,0,0,0,0,0,0,0,0,0,0,0,0,0,0,0,0,0
"wascoCA_50km_shp","shp","rcp85","BNU-ESM",2050,"nov",0,0,0,0,0,0,0,0,0,0,0,0,0,0,0,0,0,0,0,0,0,0,0,0,0,0,0,0,0,0,0,0,0,0,0,0,0,0,0,0,0,0,0,0,0,0,0,0,0,0
"wascoCA_50km_shp","shp","rcp85","BNU-ESM",2050,"dec",0.153846153846154,0,0,0,0,0,0,0,0,0,0,0,0,0,0,0,0,0,0,0,0,0,0,0,0,0,0,0,0,0,0,0,0,0,0,0,0,0,0,0,0,0,0,0,0,0,0,0,0,0
"wascoCA_50km_shp","shp","rcp45","CCSM4",2050,"jan",0,0,0,0.0629370629370629,0,0,0,0,0,0,0,0,0,0,0,0,0,0,0,0,0,0,0,0.034965034965035,0,0,0,0,0,0,0,0,0,0.034965034965035,0,0,0,0,0,0,0,0,0.041958041958042,0,0,0,0,0,0,0
"wascoCA_50km_shp","shp","rcp45","CCSM4",2050,"feb",0,0,0,0,0,0,0,0,0,0,0,0,0,0,0,0,0,0,0,0,0,0,0,0,0,0,0,0,0,0,0,0,0,0,0,0,0,0,0,0,0,0,0,0,0,0,0,0,0,0
"wascoCA_50km_shp","shp","rcp45","CCSM4",2050,"mar",0,0,0,0,0,0,0,0,0,0,0,0,0,0,0,0,0,0,0,0,0,0,0,0,0,0,0,0,0,0,0,0,0,0,0,0,0,0,0,0,0,0,0,0,0,0,0,0,0,0
"wascoCA_50km_shp","shp","rcp45","CCSM4",2050,"apr",0,0,0,0,0,0,0,0,0,0,0,0,0,0,0,0,0,0,0,0,0,0,0,0,0,0,0,0,0,0,0,0,0,0,0,0,0,0,0,0,0,0,0,0,0,0,0,0,0,0
"wascoCA_50km_shp","shp","rcp45","CCSM4",2050,"may",0,0,0,0,0,0,0,0,0,0,0,0,0,0,0,0,0,0,0,0,0,0,0,0,0,0,0,0,0,0,0,0,0,0,0,0,0,0,0,0,0,0,0,0,0,0,0,0,0,0
"wascoCA_50km_shp","shp","rcp45","CCSM4",2050,"jun",0,0,0,0,0,0,0,0,0,0,0,0,0,0,0,0,0,0,0,0,0,0,0,0,0,0,0,0,0,0,0,0,0,0,0,0,0,0,0,0,0,0,0,0,0,0,0,0,0,0
"wascoCA_50km_shp","shp","rcp45","CCSM4",2050,"jul",0,0,0,0,0,0,0,0,0,0,0,0,0,0,0,0,0,0,0,0,0,0,0,0,0,0,0,0,0,0,0,0,0,0,0,0,0,0,0,0,0,0,0,0,0,0,0,0,0,0
"wascoCA_50km_shp","shp","rcp45","CCSM4",2050,"aug",0,0,0,0,0,0,0,0,0,0,0,0,0,0,0,0,0,0,0,0,0,0,0,0,0,0,0,0,0,0,0,0,0,0,0,0,0,0,0,0,0,0,0,0,0,0,0,0,0,0
"wascoCA_50km_shp","shp","rcp45","CCSM4",2050,"sep",0,0,0,0,0,0,0,0,0,0,0,0,0,0,0,0,0,0,0,0,0,0,0,0,0,0,0,0,0,0,0,0,0,0,0,0,0.020979020979021,0,0,0,0,0,0,0,0,0,0,0,0,0
"wascoCA_50km_shp","shp","rcp45","CCSM4",2050,"oct",0,0,0,0,0,0,0,0,0,0,0,0,0,0,0,0,0,0,0,0,0,0,0,0,0,0,0,0,0,0,0,0,0,0,0,0,0,0,0,0,0,0,0,0,0,0,0,0,0,0
"wascoCA_50km_shp","shp","rcp45","CCSM4",2050,"nov",0,0,0,0,0,0,0,0,0,0,0,0,0,0,0,0,0,0,0,0,0,0,0,0,0,0,0,0,0,0,0,0,0,0,0,0,0,0,0,0,0,0,0,0,0,0,0,0,0,0
"wascoCA_50km_shp","shp","rcp45","CCSM4",2050,"dec",0,0,0,0,0,0,0,0,0,0,0,0,0,0,0,0,0,0,0,0,0,0,0,0,0,0,0,0,0,0.020979020979021,0,0,0,0,0.041958041958042,0,0,0,0,0,0,0,0.00699300699300699,0,0,0.00699300699300699,0,0,0,0
"wascoCA_50km_shp","shp","rcp85","CCSM4",2050,"jan",0,0,0,0,0,0,0,0,0.048951048951049,0,0,0,0,0,0,0,0.832167832167832,0,0,0,0,0,0,0,0,0,0,0,0,0,0,0,0,0,0.013986013986014,0,0,0,0.020979020979021,0,0,0,0,0,0,0,0,0,0,0
"wascoCA_50km_shp","shp","rcp85","CCSM4",2050,"feb",0,0,0,0,0,0,0,0,0,0,0,0,0,0,0,0,0,0,0,0,0,0,0,0,0,0,0,0,0,0,0,0,0,0,0,0,0,0,0,0,0,0,0,0,0,0,0,0,0,0
"wascoCA_50km_shp","shp","rcp85","CCSM4",2050,"mar",0,0,0,0,0,0,0,0,0,0,0,0,0,0,0,0,0,0,0,0,0,0,0,0,0,0,0,0,0,0,0,0,0,0,0,0,0,0,0,0,0,0,0,0,0,0,0,0,0,0
"wascoCA_50km_shp","shp","rcp85","CCSM4",2050,"apr",0,0,0,0,0,0,0,0,0,0,0,0,0,0,0,0,0,0,0,0,0,0,0,0,0,0,0,0,0,0,0,0,0,0,0,0,0,0,0,0,0,0,0,0,0,0,0,0,0,0
"wascoCA_50km_shp","shp","rcp85","CCSM4",2050,"may",0,0,0,0,0,0,0,0,0,0,0,0,0,0,0,0,0,0,0,0,0,0,0,0,0,0,0,0,0,0,0,0,0,0,0,0,0,0,0,0,0,0,0,0,0,0,0,0,0,0
"wascoCA_50km_shp","shp","rcp85","CCSM4",2050,"jun",0,0,0,0,0,0,0,0,0,0,0,0,0,0,0,0,0,0,0,0,0,0,0,0,0,0,0,0,0,0,0,0,0,0,0,0,0,0,0,0,0,0,0,0,0,0,0,0,0,0
"wascoCA_50km_shp","shp","rcp85","CCSM4",2050,"jul",0,0,0,0,0,0,0,0,0,0,0,0,0,0,0,0,0,0,0,0,0,0,0,0,0,0,0,0,0,0,0,0,0,0,0,0,0,0,0,0,0,0,0,0,0,0,0,0,0,0
"wascoCA_50km_shp","shp","rcp85","CCSM4",2050,"aug",0,0,0,0,0,0,0,0,0,0,0,0,0,0,0,0,0,0,0,0,0,0,0,0,0,0,0,0,0,0,0,0,0,0,0,0,0,0,0,0,0,0,0,0,0,0,0,0,0,0
"wascoCA_50km_shp","shp","rcp85","CCSM4",2050,"sep",0,0,0,0,0,0,0,0,0,0,0,0,0,0,0,0,0,0,0,0,0,0,0,0,0,0,0,0,0,0,0,0,0,0,0,0,0,0,0,0,0,0,0,0,0,0,0,0,0,0
"wascoCA_50km_shp","shp","rcp85","CCSM4",2050,"oct",0,0,0,0,0,0,0,0,0,0,0,0,0,0,0,0,0,0,0,0,0,0,0,0,0,0,0,0,0,0,0,0,0,0,0,0,0,0,0,0,0,0,0,0,0,0,0,0,0,0
"wascoCA_50km_shp","shp","rcp85","CCSM4",2050,"nov",0,0,0,0,0,0,0,0,0,0,0,0,0,0,0,0,0,0,0,0,0,0,0,0,0,0,0,0,0,0,0,0,0,0,0,0,0,0,0,0,0,0,0,0,0,0,0,0,0,0
"wascoCA_50km_shp","shp","rcp85","CCSM4",2050,"dec",0,0,0,0,0,0,0,0,0,0,0,0,0,0,0,0,0,0,0,0,0,0,0,0,0,0,0,0,0,0,0,0,0,0,0,0,0,0,0,0,0,0.013986013986014,0,0,0,0,0,0,0,0
"wascoCA_50km_shp","shp","rcp45","CNRM-CM5",2050,"jan",0,0,0,0,0,0,0,0,0,0,0,0,0,0,0,0,0,0,0,0,0.020979020979021,0,0,0.216783216783217,0.538461538461538,0,0,0,0,0,0,0,0,0,0,0,0,0,0,0,0,0,0,0,0,0,0,0,0,0
"wascoCA_50km_shp","shp","rcp45","CNRM-CM5",2050,"feb",0,0,0,0,0,0,0,0,0,0,0,0,0,0,0,0,0,0,0,0,0,0,0,0,0,0,0,0,0,0,0,0,0,0,0,0,0,0,0,0,0,0,0,0,0,0,0,0,0,0
"wascoCA_50km_shp","shp","rcp45","CNRM-CM5",2050,"mar",0,0,0,0,0,0,0,0,0,0,0,0,0,0,0,0,0,0,0,0,0,0,0,0,0,0,0,0,0,0,0,0,0,0,0,0,0,0,0,0,0,0,0,0,0,0,0,0,0,0
"wascoCA_50km_shp","shp","rcp45","CNRM-CM5",2050,"apr",0,0,0,0,0,0,0,0,0,0,0,0,0,0,0,0,0,0,0,0,0,0,0,0,0,0,0,0,0,0,0,0,0,0,0,0,0,0,0,0,0,0,0,0,0,0,0,0,0,0
"wascoCA_50km_shp","shp","rcp45","CNRM-CM5",2050,"may",0,0,0,0,0,0,0,0,0,0,0,0,0,0,0,0,0,0,0,0,0,0,0,0,0,0,0,0,0,0,0,0,0,0,0,0,0,0,0,0,0,0,0,0,0,0,0,0,0,0
"wascoCA_50km_shp","shp","rcp45","CNRM-CM5",2050,"jun",0,0,0,0,0,0,0,0,0,0,0,0,0,0,0,0,0,0,0,0,0,0,0,0,0,0,0,0,0,0,0,0,0,0,0,0,0,0,0,0,0,0,0,0,0,0,0,0,0,0
"wascoCA_50km_shp","shp","rcp45","CNRM-CM5",2050,"jul",0,0,0,0,0,0,0,0,0,0,0,0,0,0,0,0,0,0,0,0,0,0,0,0,0,0,0,0,0,0,0,0,0,0,0,0,0,0,0,0,0,0,0,0,0,0,0,0,0,0
"wascoCA_50km_shp","shp","rcp45","CNRM-CM5",2050,"aug",0,0,0,0,0,0,0,0,0,0,0,0,0,0,0,0,0,0,0,0,0,0,0,0,0,0,0,0,0,0,0,0,0,0,0,0,0,0,0,0,0,0,0,0,0,0,0,0,0,0
"wascoCA_50km_shp","shp","rcp45","CNRM-CM5",2050,"sep",0,0,0,0,0,0,0,0,0,0,0,0,0,0.188811188811189,0,0,0,0,0,0,0,0,0,0,0,0,0,0,0,0,0,0,0,0,0,0,0.314685314685315,0,0,0,0,0,0,0,0,0,0,0,0,0
"wascoCA_50km_shp","shp","rcp45","CNRM-CM5",2050,"oct",0,0,0,0,0,0,0,0,0,0,0,0,0,0,0,0,0,0,0,0,0,0,0,0,0,0,0,0,0,0,0,0,0,0,0,0,0,0,0,0,0,0,0,0,0,0,0,0,0,0
"wascoCA_50km_shp","shp","rcp45","CNRM-CM5",2050,"nov",0,0,0,0,0,0,0,0,0,0,0,0,0,0,0,0,0,0,0,0,0,0,0,0,0,0,0,0,0,0,0,0,0,0,0,0,0,0,0,0,0,0,0,0,0,0,0,0,0,0
"wascoCA_50km_shp","shp","rcp45","CNRM-CM5",2050,"dec",0,0,0,0,0,0.0769230769230769,0,0,0,0,0,0,0,0,0,0,0,0,0,0,0,0,0,0,0,0,0,0,0,0,0,0,0,0,0,0,0,0,0,0,0,0,0,0,0,0,0,0,0,0
"wascoCA_50km_shp","shp","rcp85","CNRM-CM5",2050,"jan",0,0,0,0,0,0,0,0,0,0,0,1,0,0.0559440559440559,0,0,0,0,0,0,0,0,0,0,0.118881118881119,0,0,0,0,0,0,0,0,0,0,0,0.839160839160839,0.013986013986014,0,0,0.48951048951049,0,0,0,0.0979020979020979,0.846153846153846,0,0,0.0629370629370629,0
"wascoCA_50km_shp","shp","rcp85","CNRM-CM5",2050,"feb",0,0,0,0,0,0,0,0,0,0,0,0,0,0,0,0,0,0,0,0,0,0,0,0,0,0,0,0,0,0,0,0,0,0,0,0,0,0,0,0,0,0,0,0,0,0,0,0,0,0
"wascoCA_50km_shp","shp","rcp85","CNRM-CM5",2050,"mar",0,0,0,0,0,0,0,0,0,0,0,0,0,0,0,0,0,0,0,0,0,0,0,0,0,0,0,0,0,0,0,0,0,0,0,0,0,0,0,0,0,0,0,0,0,0,0,0,0,0
"wascoCA_50km_shp","shp","rcp85","CNRM-CM5",2050,"apr",0,0,0,0,0,0,0,0,0,0,0,0,0,0,0,0,0,0,0,0,0,0,0,0,0,0,0,0,0,0,0.13986013986014,0,0,0,0,0,0,0,0,0,0,0,0,0,0,0,0,0,0,0
"wascoCA_50km_shp","shp","rcp85","CNRM-CM5",2050,"may",0,0,0,0,0,0,0,0,0,0,0,0,0,0,0,0,0,0,0,0,0,0,0,0,0,0,0,0,0,0,0,0,0,0,0,0,0,0,0,0,0,0,0,0,0,0,0,0,0,0
"wascoCA_50km_shp","shp","rcp85","CNRM-CM5",2050,"jun",0,0,0,0,0,0,0,0,0,0,0,0,0,0,0,0,0,0,0,0,0,0,0,0,0,0,0,0,0,0,0,0,0,0,0,0,0,0,0,0,0,0,0,0,0,0,0,0,0,0
"wascoCA_50km_shp","shp","rcp85","CNRM-CM5",2050,"jul",0,0,0,0,0,0,0,0,0,0,0,0,0,0,0,0,0,0,0,0,0,0,0,0,0,0,0,0,0,0,0,0,0,0,0,0,0,0,0,0,0,0,0,0,0,0,0,0,0,0
"wascoCA_50km_shp","shp","rcp85","CNRM-CM5",2050,"aug",0,0,0,0,0,0,0,0,0,0,0,0,0,0,0,0,0,0,0,0,0,0,0,0,0,0,0,0,0,0,0,0,0,0,0,0,0,0,0,0,0,0,0,0,0,0,0,0,0,0
"wascoCA_50km_shp","shp","rcp85","CNRM-CM5",2050,"sep",0,0,0,0,0,0,0,0,0,0,0,0,0,0,0,0,0,0,0,0,0,0,0,0,0,0,0,0,0,0,0,0,0,0,0,0,0,0,0,0,0,0,0,0,0,0.153846153846154,0,0,0,0
"wascoCA_50km_shp","shp","rcp85","CNRM-CM5",2050,"oct",0,0,0,0,0,0,0,0,0,0,0,0,0,0,0,0,0,0,0,0,0,0,0,0,0,0,0,0,0,0,0,0,0,0,0,0,0,0,0,0,0,0,0,0,0,0,0,0,0,0
"wascoCA_50km_shp","shp","rcp85","CNRM-CM5",2050,"nov",0,0,0,0,0,0,0,0,0,0,0,0,0,0,0,0,0,0,0,0,0,0,0,0,0,0,0,0,0,0,0,0,0,0,0,0,0,0,0,0,0,0,0,0,0,0,0,0,0,0
"wascoCA_50km_shp","shp","rcp85","CNRM-CM5",2050,"dec",0,0,0,0,0,0,0,0,0,0,0,0,0,0,0,0,0,0,0,0,0,0,0,0,0,0,0,0,0,0,0,0,0,0,0,0,0,0,0,0,0,0,0,0,0,0,0,0.013986013986014,0,0
"wascoCA_50km_shp","shp","rcp45","CSIRO-Mk3-6",2050,"jan",0,0,0,0,0,0,0,0,0,0,0,0,0,0,0,0,0,0,0,0,0,0,0,0,0,0,0,0,0.0769230769230769,0,0,0,0,0,0,0,0,0,0,0,0,0,0,0,0,0,0,0,0,0
"wascoCA_50km_shp","shp","rcp45","CSIRO-Mk3-6",2050,"feb",0,0,0,0,0,0,0,0,0,0,0,0,0,0,0,0,0,0,0,0,0,0,0,0,0,0,0,0,0,0,0,0,0,0,0,0,0,0,0,0,0,0,0,0,0,0,0,0,0,0
"wascoCA_50km_shp","shp","rcp45","CSIRO-Mk3-6",2050,"mar",0,0,0,0,0,0,0,0,0,0,0,0,0,0,0,0,0,0,0,0,0,0,0,0,0,0,0,0,0,0,0,0,0,0,0,0,0,0,0,0,0,0,0,0,0,0,0,0,0,0
"wascoCA_50km_shp","shp","rcp45","CSIRO-Mk3-6",2050,"apr",0,0,0,0,0,0,0,0.041958041958042,0,0,0,0,0,0,0,0,0,0,0,0,0,0,0,0,0,0,0,0,0,0,0,0,0,0,0,0,0,0,0,0,0,0,0,0,0,0,0,0,0,0
"wascoCA_50km_shp","shp","rcp45","CSIRO-Mk3-6",2050,"may",0,0,0,0,0,0,0,0,0,0,0,0,0,0,0,0,0,0,0,0,0,0,0,0,0,0,0,0,0,0,0,0,0,0,0,0,0,0,0,0,0,0,0,0,0,0,0,0,0,0
"wascoCA_50km_shp","shp","rcp45","CSIRO-Mk3-6",2050,"jun",0,0,0,0,0,0,0,0,0,0,0,0,0,0,0,0,0,0,0,0,0,0,0,0,0,0,0,0,0,0,0,0,0,0,0,0,0,0,0,0,0,0,0,0,0,0,0,0,0,0
"wascoCA_50km_shp","shp","rcp45","CSIRO-Mk3-6",2050,"jul",0,0,0,0,0,0,0,0,0,0,0,0,0,0,0,0,0,0,0,0,0,0,0,0,0,0,0,0,0,0,0,0,0,0,0,0,0,0,0,0,0,0,0,0,0,0,0,0,0,0
"wascoCA_50km_shp","shp","rcp45","CSIRO-Mk3-6",2050,"aug",0,0,0,0,0,0,0,0,0,0,0,0,0,0,0,0,0,0,0,0,0,0,0,0,0,0,0,0,0,0,0,0,0,0,0,0,0,0,0,0,0,0,0,0,0,0,0,0,0,0
"wascoCA_50km_shp","shp","rcp45","CSIRO-Mk3-6",2050,"sep",0,0,0,0,0,0,0,0,0,0,0,0,0,0,0,0,0.020979020979021,0,0,0,0,0,0,0,0,0,0,0,0,0,0,0,0,0,0,0,0,0,0,0,0,0,0,0,0,0,0,0,0,0
"wascoCA_50km_shp","shp","rcp45","CSIRO-Mk3-6",2050,"oct",0,0,0,0,0,0,0,0,0,0,0,0,0,0,0,0,0,0,0,0,0,0,0,0,0,0,0,0,0,0,0,0,0,0,0,0,0,0,0,0,0,0,0,0,0,0,0,0,0,0
"wascoCA_50km_shp","shp","rcp45","CSIRO-Mk3-6",2050,"nov",0,0,0,0,0,0,0,0,0,0,0,0,0,0,0,0,0,0,0,0,0,0,0,0,0,0,0,0,0,0,0,0,0,0,0,0,0,0,0,0,0,0,0,0,0,0,0,0,0,0
"wascoCA_50km_shp","shp","rcp45","CSIRO-Mk3-6",2050,"dec",0,0,0,0.0629370629370629,0,0,0,0,0,0,0,0,0,0,0,0,0,0,0,0,0,0,0,0,0,0,0,0,0,0,0,0,0,0,0,0,0,0,0,0,0,0,0,0,0,0,0.0979020979020979,0,0,0
"wascoCA_50km_shp","shp","rcp85","CSIRO-Mk3-6",2050,"jan",0,0,0,0,0,0,0,0,0,0,0,0,0,0,0,0,0,0,0,0,0,0,0,0,0,0,0,0,0,0,0,0,0,0,0,0,0,0,0,0,0,0,0,0,0,0.622377622377622,0,0,0,0
"wascoCA_50km_shp","shp","rcp85","CSIRO-Mk3-6",2050,"feb",0,0,0,0,0,0,0,0,0,0,0,0,0,0,0,0,0,0,0,0,0,0,0,0,0,0,0,0,0,0,0,0,0,0,0,0,0,0,0,0,0,0,0,0,0,0,0,0,0,0
"wascoCA_50km_shp","shp","rcp85","CSIRO-Mk3-6",2050,"mar",0,0,0,0,0,0,0,0,0,0,0,0,0,0,0,0,0,0,0,0.454545454545455,0,0,0.412587412587413,0,0,0,0,0,0,0,0,0,0,0,0,0,0,0,0,0,0,0,0,0,0,0,0,0,0,0
"wascoCA_50km_shp","shp","rcp85","CSIRO-Mk3-6",2050,"apr",0,0,0,0,0,0,0,0,0,0,0,0,0,0,0,0,0,0,0,0,0,0,0,0,0,0,0,0,0,0,0,0,0,0,0,0,0,0,0,0,0,0,0,0,0,0,0,0,0,0
"wascoCA_50km_shp","shp","rcp85","CSIRO-Mk3-6",2050,"may",0,0,0,0,0,0,0,0,0,0,0,0,0,0,0,0,0,0,0,0,0,0,0,0,0,0,0,0,0,0,0,0,0,0,0,0,0,0,0,0,0,0,0,0,0,0,0,0,0,0
"wascoCA_50km_shp","shp","rcp85","CSIRO-Mk3-6",2050,"jun",0,0,0,0,0,0,0,0,0,0,0,0,0,0,0,0,0,0,0,0,0,0,0,0,0,0,0,0,0,0,0,0,0,0,0,0,0,0,0,0,0,0,0,0,0,0,0,0,0,0
"wascoCA_50km_shp","shp","rcp85","CSIRO-Mk3-6",2050,"jul",0,0,0,0,0,0,0,0,0,0,0,0,0,0,0,0,0,0,0,0,0,0,0,0,0,0,0,0,0,0,0,0,0,0,0,0,0,0,0,0,0,0,0,0,0,0,0,0,0,0
"wascoCA_50km_shp","shp","rcp85","CSIRO-Mk3-6",2050,"aug",0,0,0,0,0,0,0,0,0,0,0,0,0,0,0,0,0,0,0,0,0,0,0,0,0,0,0,0,0,0,0,0,0,0,0,0,0,0,0,0,0,0,0,0.0699300699300699,0,0,0,0,0,0
"wascoCA_50km_shp","shp","rcp85","CSIRO-Mk3-6",2050,"sep",0,0,0,0,0,0,0,0,0,0,0,0,0,0,0,0,0,0,0,0,0,0,0,0,0,0,0,0,0,0,0,0,0,0,0,0,0.041958041958042,0,0,0,0,0,0,0,0,0,0,0,0,0
"wascoCA_50km_shp","shp","rcp85","CSIRO-Mk3-6",2050,"oct",0,0,0,0,0,0,0,0,0,0,0,0,0,0,0,0,0,0,0,0.146853146853147,1.88811188811189,0,0,0,0,0,0,0,0,0,0,0,0,0,0,0,0,0,0,0,0,0,0,0,0,0,0,0,0,0
"wascoCA_50km_shp","shp","rcp85","CSIRO-Mk3-6",2050,"nov",0,0,0,0,0,0,0,0,0,0,0,0,0,0,0,0,0,0,0,0,0,0,0,0,0,0,0,0,0,0,0,0,0,0,0,0,0,0,0,0,0,0,0,0,0,0,0,0,0,0
"wascoCA_50km_shp","shp","rcp85","CSIRO-Mk3-6",2050,"dec",0,0,0.034965034965035,0,0,0,0,0,0,0,0,0,0,0,0,0,0,0,0,0,0,0,0,0,0,0,0,0,0,0,0,0,0,0,0,0.244755244755245,0,0,0,0,0,0,0,0,0,0,0,0,0,0
"wascoCA_50km_shp","shp","rcp45","CanESM2",2050,"jan",0,0,0,0,0,0,0,0,0,0.00699300699300699,0,0,0,0,0,0,0,0,0,0,0,0,0,0,0,0,0,0,0,0,0,0,0,0,0,0,0.482517482517482,0,0,0,0,0,0,0,0,0,0,0,0,0
"wascoCA_50km_shp","shp","rcp45","CanESM2",2050,"feb",0,0,0,0,0,0,0,0,0,0,0,0,0,0,0,0,0,0,0,0,0,0,0,0,0,0,0,0,0,0,0,0,0,0,0,0,0,0,0,0,0,0,0,0,0,0,0,0,0,0
"wascoCA_50km_shp","shp","rcp45","CanESM2",2050,"mar",0,0,0,0,0,0,0,0,0,0,0,0,0,0,0,0,0,0,0,0,0,0,0,0,0,0,0,0,0,0.027972027972028,0,0,0,0,0,0,0,0,0,0,0,0,0,0,0,0,0,0,0,0
"wascoCA_50km_shp","shp","rcp45","CanESM2",2050,"apr",0,0,0,0,0,0,0,0,0,0,0,0,0,0,0,0,0,0,0,0,0,0,0,0,0,0,0,0,0,0,0,0,0,0,0,0,0,0,0,0,0,0,0,0,0,0,0,0,0,0
"wascoCA_50km_shp","shp","rcp45","CanESM2",2050,"may",0,0,0,0,0,0,0,0,0,0,0,0,0,0,0,0,0,0,0,0,0,0,0,0,0,0,0,0,0,0,0,0,0,0,0,0,0,0,0,0,0,0,0,0,0,0,0,0,0,0
"wascoCA_50km_shp","shp","rcp45","CanESM2",2050,"jun",0,0,0,0,0,0,0,0,0,0,0,0,0,0,0,0,0,0,0,0,0,0,0,0,0,0,0,0,0,0,0,0,0,0,0,0,0,0,0,0,0,0,0,0,0,0,0,0,0,0
"wascoCA_50km_shp","shp","rcp45","CanESM2",2050,"jul",0,0,0,0,0,0,0,0,0,0,0,0,0,0,0,0,0,0,0,0,0,0,0,0,0,0,0,0,0,0,0,0,0,0,0,0,0,0,0,0,0,0,0,0,0,0,0,0,0,0
"wascoCA_50km_shp","shp","rcp45","CanESM2",2050,"aug",0,0,0,0,0,0,0,0,0,0,0,0,0,0,0,0,0,0,0,0,0,0,0,0,0,0,0,0,0,0,0,0,0,0,0,0,0,0,0,0,0,0,0,0,0,0,0,0,0,0
"wascoCA_50km_shp","shp","rcp45","CanESM2",2050,"sep",0,0,0,0,0,0,0,0,0,0,0,0,0,0,0,0,0,0,0,0,0,0,0,0,0,0,0,0,0,0,0,0,0,0,0,0,0,0,0,0,0,0,0,0,0,0,0,0,0,0
"wascoCA_50km_shp","shp","rcp45","CanESM2",2050,"oct",0,0,0,0,0,0,0,0,0,0,0,0,0,0,0,0,0,0,0,0,0,0,0,0,0,0,0,0,0,0,0,0,0,0,0,0,0,0,0,0,0,0,0,0,0,0,0,0,0,0
"wascoCA_50km_shp","shp","rcp45","CanESM2",2050,"nov",0,0,0,0,0,0,0,0.0839160839160839,0,0,0,0,0,0,0,0,0,0,0,0,0,0,0,0,0,0,0,0,0,0,0,0,0,0,0,0,0,0,0,0,0,0,0,0,0,0,0,0,0,0
"wascoCA_50km_shp","shp","rcp45","CanESM2",2050,"dec",0,0,0.013986013986014,0,0,0,0,0,0,0,0,0,0,0,0.013986013986014,0,0,0,0,0,0,0,0,0,0,0,0,0,0,0,0,0,0,0,0,0,0,0,0,0,0,0,0,0,0,0,0,0,0,0
"wascoCA_50km_shp","shp","rcp85","CanESM2",2050,"jan",0,0,0,0,0.013986013986014,0,0,0,0,0,0,0,0,0.937062937062937,0.0699300699300699,0,0,0,0.27972027972028,0,0,0,0,0.013986013986014,0,0,0.461538461538462,0,0,0,0,0,0.132867132867133,0.160839160839161,0,0,0,0,0,0.601398601398601,1.32867132867133,0.853146853146853,0,0.426573426573427,0,0.048951048951049,0,0,0,0
"wascoCA_50km_shp","shp","rcp85","CanESM2",2050,"feb",0,0,0,0,0,0,0,0,0,0,0,0,0,0,0,0,0,0,0,0,0,0,0,0,0,0,0,0,0,0,0,0,0,0,0,0,0,0,0,0,0,0,0,0,0,0,0,0,0,0
"wascoCA_50km_shp","shp","rcp85","CanESM2",2050,"mar",0,0,0,0,0,0,0,0,0,0,0,0,0,0,0,0,0,0,0,0,0,0,0,0,0,0,0,0,0,0,0,0,0,0,0,0,0,0,0,0,0,0,0,0,0,0,0,0,0,0
"wascoCA_50km_shp","shp","rcp85","CanESM2",2050,"apr",0,0,0,0,0,0,0,0,0,0,0,0,0,0,0,0,0,0,0,0,0,0,0,0,0,0,0,0,0,0,0,0,0,0,0,0,0,0,0,0,0,0,0,0,0,0,0,0,0,0
"wascoCA_50km_shp","shp","rcp85","CanESM2",2050,"may",0,0,0,0,0,0,0,0,0,0,0,0,0,0,0,0,0,0,0,0,0,0,0,0,0,0,0,0,0,0,0,0,0,0,0,0,0,0,0,0,0,0,0,0,0,0,0,0,0,0
"wascoCA_50km_shp","shp","rcp85","CanESM2",2050,"jun",0,0,0,0,0,0,0,0,0,0,0,0,0,0,0,0,0,0,0,0,0,0,0,0,0,0,0,0,0,0,0,0,0,0,0,0,0,0,0,0,0,0,0,0,0,0,0,0,0,0
"wascoCA_50km_shp","shp","rcp85","CanESM2",2050,"jul",0,0,0,0,0,0,0,0,0,0,0,0,0,0,0,0,0,0,0,0,0,0,0,0,0,0,0,0,0,0,0,0,0,0,0,0,0,0,0,0,0,0,0,0,0,0,0,0,0,0
"wascoCA_50km_shp","shp","rcp85","CanESM2",2050,"aug",0,0.034965034965035,0,0,0,0,0,0,0,0,0,0,0,0,0,0,0,0,0,0,0,0,0,0,0,0,0,0,0,0,0,0,0,0,0,0,0,0,0,0,0,0,0,0,0,0,0,0,0,0
"wascoCA_50km_shp","shp","rcp85","CanESM2",2050,"sep",0,0,0,0,0,0,0,0,0,0,0,0,0,0,0,0,0,0,0,0,0,0,0,0,0,0,0,0,0,0,0,0,0,0,0,0,0,0,0,0,0,0,0,0,0,0,0,0,0,0
"wascoCA_50km_shp","shp","rcp85","CanESM2",2050,"oct",0,0,0,0,0,0,0,0,0,0,0,0,0,0,0,0,0,0,0,0,0,0,0,0,0,0,0,0,0,0,0,0,0,0,0,0,0,0,0,0,0,0,0,0,0,0,0,0,0,0
"wascoCA_50km_shp","shp","rcp85","CanESM2",2050,"nov",0,0,0,0,0,0,0,0,0,0,0,0.104895104895105,0,0,0.00699300699300699,0,0,0,0,0,0,0,0,0,0,0,0,0,0,0,0,0,0,0,0,0,0,0,0,0,0,0,0,0,0,0,0,0,0,0
"wascoCA_50km_shp","shp","rcp85","CanESM2",2050,"dec",0,0,0,0,0,0,0,0.027972027972028,0,0,0,0,0,0,0,0,0,0.041958041958042,0,0,0,0,0,0,0,0,0,0,0,0,0,0,0,0,0,0,0,0,0,0,0,0,0,0.00699300699300699,0,0,0,0,0.0559440559440559,0
"wascoCA_50km_shp","shp","rcp45","GFDL-ESM2G",2050,"jan",0,0,0,0,0,0,0,0,0,0,0,0,0,0,0,0,0,0,0,0,0,0,0,0,0,0,0,0,0,0,0,0,0,0,0,0,0,0,0,0,0,0,0,0,0,0,0,0,0,0
"wascoCA_50km_shp","shp","rcp45","GFDL-ESM2G",2050,"feb",0,0,0,0,0,0,0,0,0,0,0,0,0,0,0,0,0,0,0,0,0,0,0,0,0,0,0,0,0,0,0,0,0,0,0,0,0,0,0,0,0,0,0,0,0,0,0,0,0,0
"wascoCA_50km_shp","shp","rcp45","GFDL-ESM2G",2050,"mar",0,0,0,0,0,0,0,0,0,0,0,0,0,0,0,0,0,0,0,0,0,0,0,0,0,0,0,0,0,0,0,0,0,0,0,0,0,0,0,0,0,0,0,0,0,0,0,0,0,0
"wascoCA_50km_shp","shp","rcp45","GFDL-ESM2G",2050,"apr",0,0,0,0,0,0,0,0,0,0,0,0,0,0,0,0,0,0,0,0,0,0,0,0,0,0,0,0,0,0,0,0,0,0,0,0,0,0,0,0,0,0,0,0,0,0,0,0,0,0
"wascoCA_50km_shp","shp","rcp45","GFDL-ESM2G",2050,"may",0,0,0,0,0,0,0,0,0,0,0,0,0,0,0,0,0,0,0,0,0,0,0,0,0,0,0,0,0,0,0,0,0,0,0,0,0,0,0,0,0,0,0,0,0,0,0,0,0,0
"wascoCA_50km_shp","shp","rcp45","GFDL-ESM2G",2050,"jun",0,0,0,0,0,0,0,0,0,0,0,0,0,0,0,0,0,0,0,0,0,0,0,0,0,0,0,0,0,0,0,0,0,0,0,0,0,0,0,0,0,0,0,0,0,0,0,0,0,0
"wascoCA_50km_shp","shp","rcp45","GFDL-ESM2G",2050,"jul",0,0,0,0,0,0,0,0,0,0,0,0,0,0,0,0,0,0,0,0,0,0,0,0,0,0,0,0,0,0,0,0,0,0,0,0,0,0,0,0,0,0,0,0,0,0,0,0,0,0
"wascoCA_50km_shp","shp","rcp45","GFDL-ESM2G",2050,"aug",0,0,0,0,0,0,0,0,0,0,0,0,0,0,0,0,0,0,0,0,0,0,0,0,0,0,0,0,0,0,0,0,0,0,0,0,0,0,0,0,0,0,0,0,0,0,0,0,0,0
"wascoCA_50km_shp","shp","rcp45","GFDL-ESM2G",2050,"sep",0,0,0,0,0,0,0,0,0,0,0,0,0,0,0,0,0,0,0,0,0,0,0,0,0,0,0,0,0,0,0,0,0,0,0,0,0,0,0,0,0,0,0,0,0,0,0,0,0,0
"wascoCA_50km_shp","shp","rcp45","GFDL-ESM2G",2050,"oct",0,0,0,0,0,0,0,0,0,0,0,0,0,0,0,0,0,0,0,0,0,0,0,0,0,0,0,0,0,0,0.034965034965035,0,0,0,0,0,0,0,0,0,0,0,0,0,0,0,0,0,0,0
"wascoCA_50km_shp","shp","rcp45","GFDL-ESM2G",2050,"nov",0,0,0,0,0,0,0,0,0,0,0,0,0,0,0,0,0,0,0,0,0,0,0,0,0,0,0,0,0,0,0,0,0,0,0,0,0,0,0,0,0,0,0,0,0,0,0,0,0,0
"wascoCA_50km_shp","shp","rcp45","GFDL-ESM2G",2050,"dec",0,0,0,0,0,0,0,0,0,0,0,0,0,0,0,0,0,0,0,0,0,0,0,0,0,0,0,0,0,0,0,0,0,0,0,0,0,0,0,0,0,0,0,0,0,0,0,0,0,0
"wascoCA_50km_shp","shp","rcp85","GFDL-ESM2G",2050,"jan",0,0,0,0,0,0,0,0,0,0,0,0,0,0,0,0,0,0,0,0,0,0,0,0,0,0,0,0,0,0,0,0,0,0,0,0,0,0,0,0,0,0,0,0,0,0,0,0,0,0
"wascoCA_50km_shp","shp","rcp85","GFDL-ESM2G",2050,"feb",0,0,0,0,0,0,0,0,0,0,0,0,0,0,0,0,0,0,0,0,0,0,0,0,0,0,0,0,0,0,0,0,0,0,0,0,0,0,0,0,0,0,0,0,0,0,0,0,0,0
"wascoCA_50km_shp","shp","rcp85","GFDL-ESM2G",2050,"mar",0,0,0,0,0,0,0,0,0,0,0,0,0,0,0,0,0,0,0,0,0,0,0,0,0,0,0,0,0,0,0,0,0,0,0,0,0,0,0,0,0,0,0,0,0,0,0,0,0,0
"wascoCA_50km_shp","shp","rcp85","GFDL-ESM2G",2050,"apr",0,0,0,0,0,0,0,0,0,0,0,0,0,0,0,0,0,0,0,0,0,0,0,0,0,0,0,0,0,0,0,0,0,0,0,0,0,0,0,0,0,0,0,0,0,0,0,0,0,0
"wascoCA_50km_shp","shp","rcp85","GFDL-ESM2G",2050,"may",0,0,0,0,0,0,0,0,0,0,0,0,0,0,0,0,0,0,0,0,0,0,0,0,0,0,0,0,0,0,0,0,0,0,0,0,0,0,0,0,0,0,0,0,0,0,0,0,0,0
"wascoCA_50km_shp","shp","rcp85","GFDL-ESM2G",2050,"jun",0,0,0,0,0,0,0,0,0,0,0,0,0,0,0,0,0,0,0,0,0,0,0,0,0,0,0,0,0,0,0,0,0,0,0,0,0,0,0,0,0,0,0,0,0,0,0,0,0,0
"wascoCA_50km_shp","shp","rcp85","GFDL-ESM2G",2050,"jul",0,0,0,0,0,0,0,0,0,0,0,0,0,0,0,0,0,0,0,0,0,0,0,0,0,0,0,0,0,0,0,0,0,0,0,0,0,0,0,0,0,0,0,0,0,0,0,0,0,0
"wascoCA_50km_shp","shp","rcp85","GFDL-ESM2G",2050,"aug",0,0,0,0,0,0,0,0,0,0,0,0,0,0,0,0,0,0,0,0,0,0,0,0,0,0,0,0,0,0,0,0,0,0,0,0,0,0,0,0,0,0,0,0,0,0,0,0,0,0
"wascoCA_50km_shp","shp","rcp85","GFDL-ESM2G",2050,"sep",0,0,0,0,0,0,0,0,0,0,0,0,0,0,0,0,0,0,0,0,0,0,0,0,0,0,0,0,0,0,0,0,0,0,0,0,0,0,0,0,0,0,0,0,0,0,0,0,0,0
"wascoCA_50km_shp","shp","rcp85","GFDL-ESM2G",2050,"oct",0,0,0,0,0,0,0,0,0,0,0,0,0,0,0,0,0,0,0,0,0,0,0,0,0,0,0,0,0,0,0,0,0,0,0,0,0,0,0,0,0,0,0,0,0,0,0,0,0,0
"wascoCA_50km_shp","shp","rcp85","GFDL-ESM2G",2050,"nov",0,0,0,0,0,0,0,0,0,0,0,0,0,0,0,0,0,0,0,0,0,0,0,0,0,0,0,0,0,0,0,0,0,0,0,0,0,0,0,0,0,0,0,0,0,0,0,0,0,0
"wascoCA_50km_shp","shp","rcp85","GFDL-ESM2G",2050,"dec",0,0,0,0,0,0,0,0,0,0,0,0,0,0,0,0,0,0,0,0,0,0,0,0,0,0,0,0,0,0,0,0,0,0,0,0,0,0,0,0,0,0,0,0,0,0,0,0,0,0
"wascoCA_50km_shp","shp","rcp45","GFDL-ESM2M",2050,"jan",0,0,0,0,0,0,0,0,0,0,0,0,0,0,0,0,0,0,0,0,0,0,0,0,0,0,0,0,0,0,0,0,0,0,0,0,0,0,0,0,0,0,0,0,0,0,0,0,0,0
"wascoCA_50km_shp","shp","rcp45","GFDL-ESM2M",2050,"feb",0,0,0,0,0,0,0,0,0,0,0,0,0,0,0,0,0,0,0,0,0,0,0,0,0,0,0,0,0,0,0,0,0,0,0,0,0,0,0,0,0,0,0,0,0,0,0,0,0,0
"wascoCA_50km_shp","shp","rcp45","GFDL-ESM2M",2050,"mar",0,0,0,0,0,0,0,0,0,0,0,0,0,0,0,0,0,0,0,0,0,0,0,0,0,0,0,0,0,0,0,0,0,0,0,0,0,0,0,0,0,0,0,0,0,0,0,0,0,0
"wascoCA_50km_shp","shp","rcp45","GFDL-ESM2M",2050,"apr",0,0,0,0,0,0,0,0,0,0,0,0,0,0,0,0,0,0,0,0,0,0,0,0,0,0,0,0,0,0,0,0,0,0,0,0,0,0,0,0,0,0,0,0,0,0,0,0,0,0
"wascoCA_50km_shp","shp","rcp45","GFDL-ESM2M",2050,"may",0,0,0,0,0,0,0,0,0,0,0,0,0,0,0,0,0,0,0,0,0,0,0,0,0,0,0,0,0,0,0,0,0,0,0,0,0,0,0,0,0,0,0,0,0,0,0,0,0,0
"wascoCA_50km_shp","shp","rcp45","GFDL-ESM2M",2050,"jun",0,0,0,0,0,0,0,0,0,0,0,0,0,0,0,0,0,0,0,0,0,0,0,0,0,0,0,0,0,0,0,0,0,0,0,0,0,0,0,0,0,0,0,0,0,0,0,0,0,0
"wascoCA_50km_shp","shp","rcp45","GFDL-ESM2M",2050,"jul",0,0,0,0,0,0,0,0,0,0,0,0,0,0,0,0,0,0,0,0,0,0,0,0,0,0,0,0,0,0,0,0,0,0,0,0,0,0,0,0,0,0,0,0,0,0,0,0,0,0
"wascoCA_50km_shp","shp","rcp45","GFDL-ESM2M",2050,"aug",0,0,0,0,0,0,0,0,0,0,0,0,0,0,0,0,0,0,0,0,0,0,0,0,0,0,0,0,0,0,0,0,0,0,0,0,0,0,0,0,0,0,0,0,0,0,0,0,0,0
"wascoCA_50km_shp","shp","rcp45","GFDL-ESM2M",2050,"sep",0,0,0,0,0,0,0,0,0,0,0,0,0,0,0,0,0,0,0,0,0,0,0,0,0,0,0,0,0,0,0,0,0,0,0,0,0,0,0,0,0,0,0,0,0,0,0,0,0,0
"wascoCA_50km_shp","shp","rcp45","GFDL-ESM2M",2050,"oct",0,0,0,0,0,0,0,0,0,0,0,0,0,0,0,0,0,0,0,0,0,0,0,0,0,0,0,0,0,0,0,0,0,0,0,0,0,0,0,0,0,0,0,0,0,0,0,0,0,0
"wascoCA_50km_shp","shp","rcp45","GFDL-ESM2M",2050,"nov",0,0,0,0,0,0,0,0,0,0,0,0,0,0,0,0,0,0,0,0,0,0,0,0,0,0,0,0,0,0,0,0,0,0,0,0,0,0,0,0,0,0,0,0,0,0,0,0,0,0
"wascoCA_50km_shp","shp","rcp45","GFDL-ESM2M",2050,"dec",0,0,0,0,0,0,0,0,0,0,0,0,0,0,0,0,0,0,0,0,0,0,0.0629370629370629,0,0,0,0,0,0,0,0,0,0,0,0,0,0,0,0,0,0,0,0,0,0,0,0,0,0,0
"wascoCA_50km_shp","shp","rcp85","GFDL-ESM2M",2050,"jan",0,0,0,0,0,0,0,0,0,0,0,0,0,0,0,0,0,0,0,0,0,0,0,0,0,0,0,0,0,0,0.160839160839161,0,0,0,0,0,0,0,0,0,0,0,0,0,0,0,0,0,0,0
"wascoCA_50km_shp","shp","rcp85","GFDL-ESM2M",2050,"feb",0,0,0,0,0,0,0,0,0,0,0,0,0,0,0,0,0,0,0,0,0,0,0,0,0,0,0,0,0,0,0,0,0,0,0,0,0,0,0,0,0,0,0,0,0,0,0,0,0,0
"wascoCA_50km_shp","shp","rcp85","GFDL-ESM2M",2050,"mar",0,0,0,0,0,0,0,0,0,0,0,0,0,0,0,0,0,0,0,0,0,0,0,0,0,0,0,0,0,0,0,0,0,0,0,0,0,0,0,0,0,0,0,0,0,0,0,0.146853146853147,0,0
"wascoCA_50km_shp","shp","rcp85","GFDL-ESM2M",2050,"apr",0,0,0,0,0,0,0,0,0,0,0,0,0,0,0,0,0,0,0,0,0,0,0,0,0,0,0,0,0,0,0,0,0,0,0,0,0,0,0,0,0,0,0,0,0,0,0,0,0,0
"wascoCA_50km_shp","shp","rcp85","GFDL-ESM2M",2050,"may",0,0,0,0,0,0,0,0,0,0,0,0,0,0,0,0,0,0,0,0,0,0,0,0,0,0,0,0,0,0,0,0,0,0,0,0,0,0,0,0,0,0,0,0,0,0,0,0,0,0
"wascoCA_50km_shp","shp","rcp85","GFDL-ESM2M",2050,"jun",0,0,0,0,0,0,0,0,0,0,0,0,0,0,0,0,0,0,0,0,0,0,0,0,0,0,0,0,0,0,0,0,0,0,0,0,0,0,0,0,0,0,0,0,0,0,0,0,0,0
"wascoCA_50km_shp","shp","rcp85","GFDL-ESM2M",2050,"jul",0,0,0,0,0,0,0,0,0,0,0,0,0,0,0,0,0,0,0,0,0,0,0,0,0,0,0,0,0,0,0,0,0,0,0,0,0,0,0,0,0,0,0,0,0,0,0,0,0,0
"wascoCA_50km_shp","shp","rcp85","GFDL-ESM2M",2050,"aug",0,0,0,0,0,0,0,0,0,0,0,0,0,0,0,0,0,0,0,0,0,0,0,0,0,0,0,0,0,0,0,0,0,0,0,0,0,0,0,0,0,0,0,0,0,0,0,0,0,0
"wascoCA_50km_shp","shp","rcp85","GFDL-ESM2M",2050,"sep",0,0,0,0,0,0,0,0,0,0,0,0,0,0,0,0,0,0,0,0,0,0,0,0,0,0,0,0,0,0,0,0,0,0,0,0,0,0,0,0,0,0,0,0,0,0,0,0,0,0
"wascoCA_50km_shp","shp","rcp85","GFDL-ESM2M",2050,"oct",0,0,0,0,0,0,0,0,0,0,0,0.692307692307692,0,0,0,0.195804195804196,1.47552447552448,0,0,0,0,0,0,0,0,0,0,0,0,0,0,0,0,0,0,0,0,0,0,0,0,0,0,0,0,0,0,0,0,0
"wascoCA_50km_shp","shp","rcp85","GFDL-ESM2M",2050,"nov",0,0,0,0,0,0,0,0,0,0,0,0,0,0,0,0,0,0,0,0,0,0,0,0,0,0,0,0,0,0.0699300699300699,0,0,0,0,0,0,0,0,0,0,0,0,0,0,0,0,0,0,0,0
"wascoCA_50km_shp","shp","rcp85","GFDL-ESM2M",2050,"dec",0,0,0,0,0,0,0,0,0,0,0,0,0,0,0,0,0,0,0,0,0,0,0,0,0,0,0,0,0,0,0,0,0,0,0,0,0,0,0,0,0,0,0,0,0,0,0,0,0,0
"wascoCA_50km_shp","shp","rcp45","HadGEM2-CC365",2050,"jan",0,0,0,0,0,0,0,0,0,0,0,0.0629370629370629,0,0,0,0,0,0,0,0,0,0,0,0,0,0,0,0,0,0,0,0,0,0,0,0,0,0,0,0,0,0,0,0,0,0,0,0,0,0
"wascoCA_50km_shp","shp","rcp45","HadGEM2-CC365",2050,"feb",0,0,0,0,0,0,0,0,0,0,0,0,0,0,0,0,0,0,0,0,0,0,0,0,0,0,0,0,0,0,0,0,0,0,0,0,0,0,0,0,0,0,0,0,0,0,0,0,0,0
"wascoCA_50km_shp","shp","rcp45","HadGEM2-CC365",2050,"mar",0,0,0,0,0,0,0,0,0,0,0,0,0,0,0,0,0,0,0,0,0,0,0,0,0,0,0,0,0,0,0,0,0,0,0,0,0,0,0,0,0,0,0,0,0,0,0,0,0,0
"wascoCA_50km_shp","shp","rcp45","HadGEM2-CC365",2050,"apr",0,0,0,0,0,0,0,0,0,0,0,0,0,0,0,0,0,0,0,0,0,0,0,0,0,0,0,0,0,0,0,0,0,0,0,0,0,0,0,0,0,0,0,0,0,0,0,0,0,0
"wascoCA_50km_shp","shp","rcp45","HadGEM2-CC365",2050,"may",0,0,0,0,0,0,0,0,0,0,0,0,0,0,0,0,0,0,0,0,0,0,0,0,0,0,0,0,0,0,0,0,0,0,0,0,0,0,0,0,0,0,0,0,0,0,0,0,0,0
"wascoCA_50km_shp","shp","rcp45","HadGEM2-CC365",2050,"jun",0,0,0,0,0,0,0,0,0,0,0,0,0,0,0,0,0,0,0,0,0,0,0,0,0,0,0,0,0,0,0,0,0,0,0,0,0,0,0,0,0,0,0,0,0,0,0,0,0,0
"wascoCA_50km_shp","shp","rcp45","HadGEM2-CC365",2050,"jul",0,0,0,0,0,0,0,0,0,0,0,0,0,0,0,0,0,0,0,0,0,0,0,0,0,0,0,0,0,0,0,0,0,0,0,0,0,0,0,0,0,0,0,0,0,0,0,0,0,0
"wascoCA_50km_shp","shp","rcp45","HadGEM2-CC365",2050,"aug",0,0,0,0,0,0,0,0,0,0,0,0,0,0,0,0,0,0,0,0,0,0,0,0,0,0,0,0,0,0,0,0,0,0,0,0,0,0,0,0,0,0,0,0,0,0,0,0,0,0
"wascoCA_50km_shp","shp","rcp45","HadGEM2-CC365",2050,"sep",0,0,0,0,0,0,0,0,0,0,0,0,0,0,0,0,0,0,0,0,0,0,0,0,0,0,0,0,0,0,0,0,0,0,0,0,0,0,0,0,0,0,0,0,0,0,0,0,0,0
"wascoCA_50km_shp","shp","rcp45","HadGEM2-CC365",2050,"oct",0,0,0,0,0,0,0,0,0,0,0,0,0,0,0,0,0,0,0,0,0,0,0,0,0,0,0,0,0,0,0,0,0,0,0,0,0,0.293706293706294,0,0,0,0,0,0,0,0,0,0,0,0
"wascoCA_50km_shp","shp","rcp45","HadGEM2-CC365",2050,"nov",0,0,0,0,0,0,0,0,0,0,0,0,0,0,0,0,0,0,0,0,0,0,0,0,0,0,0,0,0,0,0,0,0,0,0,0,0,0,0,0,0,0,0,0,0,0,0,0,0,0
"wascoCA_50km_shp","shp","rcp45","HadGEM2-CC365",2050,"dec",0,0,0,0,0,0,0,0,0,0,0,0,0,0,0,0,0,0,0,0,0,0,0,0,0,0,0,0,0,0,0,0,0,0,0,0,0,0,0,0,0,0,0,0,0,0,0,0,0,0
"wascoCA_50km_shp","shp","rcp85","HadGEM2-CC365",2050,"jan",0,0,0,0,0,0,0,0,0,0,0,0,0,0,0,0,0,0,0,0,0,0,0,0,0,0,0,0,0,0,0,0,0,0,0,0,0,0,0,0,0,0,0,0,0,0.020979020979021,0,0,0,0
"wascoCA_50km_shp","shp","rcp85","HadGEM2-CC365",2050,"feb",0,0,0,0,0,0,0,0,0,0,0,0,0,0,0,0,0,0,0,0,0,0,0,0,0,0,0,0,0,0,0,0,0,0,0,0,0,0,0,0,0,0,0,0,0,0,0,0,0,0
"wascoCA_50km_shp","shp","rcp85","HadGEM2-CC365",2050,"mar",0,0,0,0,0,0,0,0,0,0,0,0,0,0,0,0,0.426573426573427,0,0,0,0,0,0,0,0,0,0,0,0,0,0,0,0,0,0,0,0,0,0,0,0,0,0,0,0,0,0,0,0,0
"wascoCA_50km_shp","shp","rcp85","HadGEM2-CC365",2050,"apr",0,0,0,0,0,0,0,0,0,0,0,0,0,0,0,0,0,0,0,0,0,0,0,0,0,0,0,0,0,0,0,0,0,0,0,0,0,0,0,0,0,0,0,0,0,0,0,0,0,0
"wascoCA_50km_shp","shp","rcp85","HadGEM2-CC365",2050,"may",0,0,0,0,0,0,0,0,0,0,0,0,0,0,0,0,0,0,0,0,0,0,0,0,0,0,0,0,0,0,0,0,0,0,0,0,0,0,0,0,0,0,0,0,0,0,0,0,0,0
"wascoCA_50km_shp","shp","rcp85","HadGEM2-CC365",2050,"jun",0,0,0,0,0,0,0,0,0,0,0,0,0,0,0,0,0,0,0,0,0,0,0,0,0,0,0,0,0,0,0,0,0,0,0,0,0,0,0,0,0,0,0,0,0,0,0,0,0,0
"wascoCA_50km_shp","shp","rcp85","HadGEM2-CC365",2050,"jul",0,0,0,0,0,0,0,0,0,0,0,0,0,0,0,0,0,0,0,0,0,0,0,0,0,0,0,0,0,0,0,0,0,0,0,0,0,0,0,0,0,0,0,0,0,0,0,0,0,0
"wascoCA_50km_shp","shp","rcp85","HadGEM2-CC365",2050,"aug",0,0,0,0,0,0,0,0,0,0,0,0,0,0,0,0,0,0,0,0,0,0,0,0,0,0,0,0,0,0,0,0,0,0,0,0,0,0,0,0,0,0,0,0,0,0,0,0,0,0
"wascoCA_50km_shp","shp","rcp85","HadGEM2-CC365",2050,"sep",0,0,0,0,0,0,0,0,0,0,0,0,0,0,0,0,0,0,0,0,0,0,0,0,0,0,0,0,0,0,0,0,0,0,0,0,0,0,0,0,0,0,0,0,0,0,0,0,0,0
"wascoCA_50km_shp","shp","rcp85","HadGEM2-CC365",2050,"oct",0,0,0,0,0,0,0,0,0,0,0,0,0,0.48951048951049,0,0,0,0,0,0,0,0,0,0,0,0,0,0,0,0,0,0,0,0,0,0,0,0,0,0,0,0,0,0,0,0,0,0,0,0
"wascoCA_50km_shp","shp","rcp85","HadGEM2-CC365",2050,"nov",0,0,0,0,0,0,0,0,0,0,0,0,0,0,0,0,0,0,0,0,0,0,0,0,0,0,0,0,0,0,0,0,0,0,0,0,0,0,0,0,0,0,0,0,0,0,0,0,0,0
"wascoCA_50km_shp","shp","rcp85","HadGEM2-CC365",2050,"dec",0,0,0,0,0,0,0,0,0,0,0,0,0,0,0,0,0,0,0,0,0,0,0,0,0,0,0,0,0,0,0,0,0,0,0,0,0,0,0,0,0,0,0,0,0,0,0,0,0,0
"wascoCA_50km_shp","shp","rcp45","HadGEM2-ES365",2050,"jan",0,0,0,0,0,0,0,0,0,0,0,0,0,0,0.118881118881119,0.00699300699300699,0,0,0,0,0,0,0,0,0,0,0,0,0,0,0,0,0,0,0,0,0,0,0,0,0,0,0,0,0,0,0,0,0,0
"wascoCA_50km_shp","shp","rcp45","HadGEM2-ES365",2050,"feb",0,0,0,0,0,0,0,0,0,0,0,0,0,0,0,0,0,0,0,0,0,0,0,0,0,0,0,0,0,0,0,0,0,0,0,0,0,0,0,0,0,0,0,0,0,0,0,0,0,0
"wascoCA_50km_shp","shp","rcp45","HadGEM2-ES365",2050,"mar",0,0,0,0,0,0,0,0,0,0,0,0,0,0,0,0,0,0,0,0,0,0,0,0,0,0,0,0,0,0,0,0,0,0,0,0,0,0,0,0,0,0,0,0,0,0,0,0,0,0
"wascoCA_50km_shp","shp","rcp45","HadGEM2-ES365",2050,"apr",0,0,0,0,0,0,0,0,0,0,0,0,0,0,0,0,0,0,0,0,0,0,0,0,0,0,0,0,0,0,0,0,0,0,0,0,0,0,0,0,0,0,0,0,0,0,0,0,0,0
"wascoCA_50km_shp","shp","rcp45","HadGEM2-ES365",2050,"may",0,0,0,0,0,0,0,0,0,0,0,0,0,0,0,0,0,0,0,0,0,0,0,0,0,0,0,0,0,0,0,0,0,0,0,0,0,0,0,0,0,0,0,0,0,0,0,0,0,0
"wascoCA_50km_shp","shp","rcp45","HadGEM2-ES365",2050,"jun",0,0,0,0,0,0,0,0,0,0,0,0,0,0,0,0,0,0,0,0,0,0,0,0,0,0,0,0,0,0,0,0,0,0,0,0,0,0,0,0,0,0,0,0,0,0,0,0,0,0
"wascoCA_50km_shp","shp","rcp45","HadGEM2-ES365",2050,"jul",0,0,0,0,0,0,0,0,0,0,0,0,0,0,0,0,0,0,0,0,0,0,0,0,0,0,0,0,0,0,0,0,0,0,0,0,0,0,0,0,0,0,0,0,0,0,0,0,0,0
"wascoCA_50km_shp","shp","rcp45","HadGEM2-ES365",2050,"aug",0,0,0,0,0,0,0,0,0,0,0,0,0,0,0,0,0,0,0,0,0,0,0,0,0,0,0,0,0,0,0,0,0,0,0,0,0,0,0,0,0,0,0,0,0,0,0,0,0,0
"wascoCA_50km_shp","shp","rcp45","HadGEM2-ES365",2050,"sep",0,0,0,0,0,0,0,0.027972027972028,0,0,0,0,0,0,0,0,0,0,0,0,0,0,0,0,0,0,0,0,0,0,0,0,0,0,0,0,0,0,0,0,0,0,0,0,0,0,0,0,0,0
"wascoCA_50km_shp","shp","rcp45","HadGEM2-ES365",2050,"oct",0,0,0,0,0,0,0,0,0,0,0,0,0,0,0,0,0,0,0,0,0,0,0,0,0,0,0,0,0,0,0,0,0,0,0,0,0,0,0,0,0,0,0,0,0,0,0,0,0,0
"wascoCA_50km_shp","shp","rcp45","HadGEM2-ES365",2050,"nov",0,0,0,0,0,0,0,0,0,0,0,0,0,0,0,0,0,0,0,0,0,0,0,0,0,0,0,0,0,0,0,0,0,0,0,0,0,0,0,0,0,0,0,0,0,0,0,0,0,0
"wascoCA_50km_shp","shp","rcp45","HadGEM2-ES365",2050,"dec",0.398601398601399,0,0,0,0,0,0,0,0,0,0,0,0,0,0,0,0,0,0,0,0,0,0,0,0,0,0,0,0,0,0,0,0,0,0,0,0,0,0,0,0.41958041958042,0,0,0,0,0,0,0,0,0
"wascoCA_50km_shp","shp","rcp85","HadGEM2-ES365",2050,"jan",0,0,0,0,0,0,0,0,0,0,0,0,0,0,0,0,0,0,0,0,0,0.0979020979020979,0,0,0,0,0,0,0,0,0,0,0,0,0,0,0,0,0,0,0,0,0,0,0,0,0,0,0,0
"wascoCA_50km_shp","shp","rcp85","HadGEM2-ES365",2050,"feb",0,0,0,0,0,0,0,0,0,0,0,0,0,0,0,0,0,0,0,0,0,0,0,0,0,0,0,0,0,0,0,0,0,0,0,0,0.048951048951049,0,0,0,0,0,0,0,0,0,0,0,0,0
"wascoCA_50km_shp","shp","rcp85","HadGEM2-ES365",2050,"mar",0,0,0,0,0,0,0,0,0,0,0,0,0,0,0,0,0,0,0,0,0,0,0,0,0,0,0,0,0,0,0,0,0,0,0,0,0,0,0,0,0,0,0,0,0,0,0,0,0,0
"wascoCA_50km_shp","shp","rcp85","HadGEM2-ES365",2050,"apr",0,0,0,0,0,0,0,0,0,0,0,0,0,0,0,0,0,0,0,0,0,0,0,0,0,0,0,0,0,0,0,0,0,0,0,0,0,0,0,0,0,0,0,0,0,0,0,0,0,0
"wascoCA_50km_shp","shp","rcp85","HadGEM2-ES365",2050,"may",0,0,0,0,0,0,0,0,0,0,0,0,0,0,0,0,0,0,0,0,0,0,0,0,0,0,0,0,0,0,0,0,0,0,0,0,0,0,0,0,0,0,0,0,0,0,0,0,0,0
"wascoCA_50km_shp","shp","rcp85","HadGEM2-ES365",2050,"jun",0,0,0,0,0,0,0,0,0,0,0,0,0,0,0,0,0,0,0,0,0,0,0,0,0,0,0,0,0,0,0,0,0,0,0,0,0,0,0,0,0,0,0,0,0,0,0,0,0,0
"wascoCA_50km_shp","shp","rcp85","HadGEM2-ES365",2050,"jul",0,0,0,0,0,0,0,0,0,0,0,0,0,0,0,0,0,0,0,0,0,0,0,0,0,0,0,0,0,0,0,0,0,0,0,0,0,0,0,0,0,0,0,0,0,0,0,0,0,0
"wascoCA_50km_shp","shp","rcp85","HadGEM2-ES365",2050,"aug",0,0,0,0,0,0,0,0,0,0,0,0,0,0,0,0,0,0,0,0,0,0,0,0,0,0,0,0,0,0,0,0,0,0,0,0,0,0,0,0,0,0,0,0,0,0,0,0,0,0
"wascoCA_50km_shp","shp","rcp85","HadGEM2-ES365",2050,"sep",0,0,0,0,0,0,0,0,0,0,0,0,0,0,0,0,0,0,0,0,0,0,0,0,0,0,0,0,0,0,0,0,0,0,0,0,0,0,0,0,0,0,0,0,0,0,0,0,0,0
"wascoCA_50km_shp","shp","rcp85","HadGEM2-ES365",2050,"oct",0,0,0,0,0,0,0,0,0,0,0,0,0,0,0,0,0,0,0,0,0,0,0,0,0,0,0,0,0,0,0,0,0,0,0,0,0,0,0,0,0,0,0,0,0,0,0,0,0,0
"wascoCA_50km_shp","shp","rcp85","HadGEM2-ES365",2050,"nov",0,0,0,0,0,0,0,0,0,0,0,0,0,0,0,0,0,0,0,0,0,0,0,0,0,0,0,0,0,0,0,0,0,0,0,0,0,0,0,0,0,0,0,0,0,0,0,0,0,0
"wascoCA_50km_shp","shp","rcp85","HadGEM2-ES365",2050,"dec",0,0,0,0,0,0,0,0,0,0,0,0.363636363636364,0,0,0,0,0,0,0,0.377622377622378,0,0,0.020979020979021,0,0,0,0.0699300699300699,0,0,0,0,0,0,0,0,0,0,0,0,0,0,0,0,0,0,0,0,0.034965034965035,0,0
"wascoCA_50km_shp","shp","rcp45","IPSL-CM5A-LR",2050,"jan",0,0.0629370629370629,0,0,0,0,0,0,0,0,0,0,0,0.0559440559440559,0,0,0,0,0,0,0,0,0,0,0,0,0,0,0,0,0,0,0,0,0,0,0,0,0,0,0,0,0,0,0,0,0,0,0,0
"wascoCA_50km_shp","shp","rcp45","IPSL-CM5A-LR",2050,"feb",0,0,0,0,0,0,0,0,0,0,0,0,0,0,0,0,0,0,0,0,0,0,0,0,0,0,0,0,0,0,0,0,0,0,0,0,0,0,0,0,0,0,0,0,0,0,0,0,0,0
"wascoCA_50km_shp","shp","rcp45","IPSL-CM5A-LR",2050,"mar",0,0,0,0,0,0,0,0,0,0,0,0,0,0,0,0,0,0,0,0,0,0,0,0,0.027972027972028,0,0,0,0,0,0,0,0,0,0,0,0,0,0,0,0,0,0,0,0,0,0,0,0,0.517482517482518
"wascoCA_50km_shp","shp","rcp45","IPSL-CM5A-LR",2050,"apr",0,0,0,0,0,0,0,0,0,0,0,0,0,0,0,0,0,0,0,0,0,0,0,0,0,0,0,0,0,0,0,0,0,0,0,0,0,0,0,0,0,0,0,0,0,0,0,0,0,0
"wascoCA_50km_shp","shp","rcp45","IPSL-CM5A-LR",2050,"may",0,0,0,0,0,0,0,0,0,0,0,0,0,0,0,0,0,0,0,0,0,0,0,0,0,0,0,0,0,0,0,0,0,0,0,0,0,0,0,0,0,0,0,0,0,0,0,0,0,0
"wascoCA_50km_shp","shp","rcp45","IPSL-CM5A-LR",2050,"jun",0,0,0,0,0,0,0,0,0,0,0,0,0,0,0,0,0,0,0,0,0,0,0,0,0,0,0,0,0,0,0,0,0,0,0,0,0,0,0,0,0,0,0,0,0,0,0,0,0,0
"wascoCA_50km_shp","shp","rcp45","IPSL-CM5A-LR",2050,"jul",0,0,0,0,0,0,0,0,0,0,0,0,0,0,0,0,0,0,0,0,0,0,0,0,0,0,0,0,0,0,0,0,0,0,0,0,0,0,0,0,0,0,0,0,0,0,0,0,0,0
"wascoCA_50km_shp","shp","rcp45","IPSL-CM5A-LR",2050,"aug",0,0,0,0,0,0,0,0,0,0,0,0,0,0,0,0,0,0,0,0,0,0,0,0,0,0,0,0,0,0,0,0,0,0,0,0,0,0,0,0,0,0,0,0,0,0,0,0,0,0
"wascoCA_50km_shp","shp","rcp45","IPSL-CM5A-LR",2050,"sep",0,0,0,0,0,0,0,0,0,0,0,0,0,0,0,0,0,0,0,0,0,0,0,0,0,0,0,0,0,0,0,0,0,0,0,0,0,0,0,0,0,0,0,0,0,0,0,0,0,0
"wascoCA_50km_shp","shp","rcp45","IPSL-CM5A-LR",2050,"oct",0,0,0,0,0,0,0,0,0,0,0,0,0,0,0,0,0,0,0,0,0,0,0,0,0,0,0,0,0,0,0,0,0,0,0,0,0,0,0,0,0,0,0,0,0,0,0,0,0,0
"wascoCA_50km_shp","shp","rcp45","IPSL-CM5A-LR",2050,"nov",0,0,0,0,0,0,0,0,0,0,0,0,0,0,0,0,0,0,0,0,0,0,0,0,0,0,0,0,0,0,0,0,0,0,0,0,0,0,0,0,0,0,0,0,0,0,0,0,0,0
"wascoCA_50km_shp","shp","rcp45","IPSL-CM5A-LR",2050,"dec",0,0,0,0,0,0,0,0,0,0,0,0,0,0,0,0,0,0,0,0,0,0,0,0,0,0,0,0,0,0,0,0,0,0,0,0,0,0,0,0,0.020979020979021,0,0,0,0,0,0,0,0,0
"wascoCA_50km_shp","shp","rcp85","IPSL-CM5A-LR",2050,"jan",0,0.0559440559440559,0,0,0,0,0,0,0,0,0,0,0,0,0,0,0,0,0,0,0,0,0,0,0,0,0,0,0,0,0,0,0,0,0,0.181818181818182,0,0,0.93006993006993,0,0,0,0,0,0,0,0,0,0,0
"wascoCA_50km_shp","shp","rcp85","IPSL-CM5A-LR",2050,"feb",0,0,0,0,0,0,0,0,0,0,0,0,0,0,0,0,0,0,0,0,0,0,0,0,0,0,0,0,0,0,0,0,0,0,0.027972027972028,0,0,0,0,0,0,0,0,0,0,0,0,0,0,0
"wascoCA_50km_shp","shp","rcp85","IPSL-CM5A-LR",2050,"mar",0,0,0,0.104895104895105,0,0,0,0,0,0,0,0,0,0,0,0,0,0,0,0,0,0,0,0,0,0,0,0,0,0,0,0,0,0,0,0,0,0,0,0,0,0,0.0629370629370629,0,0,0,0,0,0,0
"wascoCA_50km_shp","shp","rcp85","IPSL-CM5A-LR",2050,"apr",0,0,0,0,0,0,0,0,0,0,0,0,0,0,0,0,0,0,0,0,0,0,0,0,0,0,0,0,0,0,0,0,0,0,0,0,0,0,0,0,0,0,0,0,0,0,0,0,0,0
"wascoCA_50km_shp","shp","rcp85","IPSL-CM5A-LR",2050,"may",0.020979020979021,0,0,0,0,0,0,0,0,0,0,0,0,0,0,0,0,0,0,0,0,0,0,0,0,0,0,0,0,0,0,0,0,0,0,0,0,0,0,0,0,0,0,0,0,0,0,0,0,0
"wascoCA_50km_shp","shp","rcp85","IPSL-CM5A-LR",2050,"jun",0,0,0,0,0,0,0,0,0,0,0,0,0,0,0,0,0,0,0,0,0,0,0,0,0,0,0,0,0,0,0,0,0,0,0,0,0,0,0,0,0,0,0,0,0,0,0,0,0,0
"wascoCA_50km_shp","shp","rcp85","IPSL-CM5A-LR",2050,"jul",0,0,0,0,0,0,0,0,0,0,0,0,0,0,0,0,0,0,0,0,0,0,0,0,0,0,0,0,0,0,0,0,0,0,0,0,0,0,0,0,0,0,0,0,0,0,0,0,0,0
"wascoCA_50km_shp","shp","rcp85","IPSL-CM5A-LR",2050,"aug",0,0,0,0,0,0,0,0,0,0,0,0,0,0,0,0,0,0,0,0,0,0,0,0,0,0,0,0,0,0,0,0,0,0,0,0,0,0,0,0,0,0,0,0,0,0,0,0,0,0
"wascoCA_50km_shp","shp","rcp85","IPSL-CM5A-LR",2050,"sep",0,0,0,0,0,0,0,0,0,0,0,0,0,0,0,0,0,0,0,0,0,0,0,0,0,0,0,0,0,0,0,0,0,0,0,0,0,0,0,0,0,0,0,0,0,0,0,0,0,0
"wascoCA_50km_shp","shp","rcp85","IPSL-CM5A-LR",2050,"oct",0,0,0,0.013986013986014,0,0,0,0,0,0,0,0,0,0,0,0,0,0,0,0,0,0,0,0,0,0,0,0,0,0,0,0,0,0,0,0,0,1,0,0,0,0,0,0,0.307692307692308,0,0,0,0,0
"wascoCA_50km_shp","shp","rcp85","IPSL-CM5A-LR",2050,"nov",0,0,0,0,0,0,0,0,0,0,0,0,0,0,0,0,0,0,0,0,0,0,0,0,0,0,0,0,0,0,0,0,0,0,0,0,0,0,0,0,0,0,0,0,0,0,0,0,0,0
"wascoCA_50km_shp","shp","rcp85","IPSL-CM5A-LR",2050,"dec",0,0,0,0,0,0,0,0,0,0,0,0,0,0,0,0,0,0,0,0,0,0,0,0.00699300699300699,0,0,0,0,0,0,0,0,0,0,0,0,0.881118881118881,0,0,0,0,0,0,0,0,0,0.132867132867133,0,0,0
"wascoCA_50km_shp","shp","rcp45","IPSL-CM5A-MR",2050,"jan",0,0,0,0,0,0,0,0,0,0,0,0,0,0,0,0,0.034965034965035,0,0,0,0,0,0,0,0,0,0,0,0,0,0,0.335664335664336,0,0,0,0,0,0,0,0.048951048951049,0,0,0,0,0,0,0.545454545454545,0,0,0
"wascoCA_50km_shp","shp","rcp45","IPSL-CM5A-MR",2050,"feb",0,0,0,0,0,0,0,0,0,0,0,0,0,0,0,0,0,0,0,0,0,0,0,0,0,0,0,0,0,0,0,0,0,0,0,0,0,0,0,0,0,0,0,0,0,0,0,0,0,0
"wascoCA_50km_shp","shp","rcp45","IPSL-CM5A-MR",2050,"mar",0,0,0,0,0,0,0,0,0,0,0,0,0,0,0,0,0,0,0,0,0,0,0,0,0,0,0,0,0,0,0,0,0,0,0,0,0,0,0,0,0,0,0,0,0,0,0,0,0,0
"wascoCA_50km_shp","shp","rcp45","IPSL-CM5A-MR",2050,"apr",0,0,0,0,0,0,0,0,0,0,0,0,0,0,0,0,0,0,0,0,0,0,0,0,0,0,0,0,0,0,0,0,0,0,0,0,0,0,0,0,0,0,0,0,0,0,0,0,0,0
"wascoCA_50km_shp","shp","rcp45","IPSL-CM5A-MR",2050,"may",0,0,0,0,0,0,0,0,0,0,0,0,0,0,0,0,0,0,0,0,0,0,0,0,0,0,0,0,0,0,0,0,0,0,0,0,0,0,0,0,0,0,0,0,0,0,0,0,0,0.20979020979021
"wascoCA_50km_shp","shp","rcp45","IPSL-CM5A-MR",2050,"jun",0,0,0,0,0,0,0,0,0,0,0,0,0,0,0,0,0,0,0,0,0,0,0,0,0,0,0,0,0,0,0,0,0,0,0,0,0,0,0,0,0,0,0,0,0,0,0,0,0,0
"wascoCA_50km_shp","shp","rcp45","IPSL-CM5A-MR",2050,"jul",0,0,0,0,0,0,0,0,0,0,0,0,0,0,0,0,0,0,0,0,0,0,0,0,0,0,0,0,0,0,0,0,0,0,0,0,0,0,0,0,0,0,0,0,0,0,0,0,0,0
"wascoCA_50km_shp","shp","rcp45","IPSL-CM5A-MR",2050,"aug",0,0,0,0,0,0,0,0,0,0,0,0,0,0,0,0,0,0,0,0,0,0,0,0,0,0,0,0,0,0,0,0,0,0,0,0,0,0,0,0,0,0,0,0,0,0,0,0,0,0
"wascoCA_50km_shp","shp","rcp45","IPSL-CM5A-MR",2050,"sep",0,0,0,0,0,0,0,0,0,0,0,0,0,0,0,0,0,0,0,0,0,0,0,0,0,0,0,0,0,0,0,0,0,0,0,0,0,0,0,0,0,0,0,0,0,0,0,0,0,0
"wascoCA_50km_shp","shp","rcp45","IPSL-CM5A-MR",2050,"oct",0,0,0,0,0,0,0,0,0,0,0,0,0,0,0,0,0,0,0,0,0,0,0,0,0,0,0,0,0,0,0,0,0,0,0,0,0,0,0,0,0,0,0,0,0,0,0,0,0,0
"wascoCA_50km_shp","shp","rcp45","IPSL-CM5A-MR",2050,"nov",0,0,0,0,0,0,0,0,0,0,0,0,0,0,0,0,0,0,0,0,0,0,0,0,0,0,0,0,0,0,0,0,0,0,0,0,0,0,0,0,0,0,0,0,0,0,0,0,0,0
"wascoCA_50km_shp","shp","rcp45","IPSL-CM5A-MR",2050,"dec",0,0,0,0,0,0,0,0,0,0,0,0.013986013986014,0,0,0,0,0,0,0,0,0,0,0,0,0,0,0,0,0.188811188811189,0,0,0,0,0,0,0,0,0,0,0,0,0,0.027972027972028,0,0,0,0,0,0,0
"wascoCA_50km_shp","shp","rcp85","IPSL-CM5A-MR",2050,"jan",0,0,0,0,0,0,0,0,0,0,0,0,0,0,0,0,0,0,0,0.041958041958042,0,0,0,0,0,0,0,0,0,0,0.0699300699300699,0,0,0,0,0,0.181818181818182,0,0,0,0,0,0,0,0,0,0,0,0,0
"wascoCA_50km_shp","shp","rcp85","IPSL-CM5A-MR",2050,"feb",0,0,0,0,0,0,0,0,0,0,0,0,0,0,0,0,0,0,0,0,0,0,0,0,0,0,0,0,0,0,0,0,0,0,0,0,0,0,0,0,0,0,0,0,0,0,0,0,0,0
"wascoCA_50km_shp","shp","rcp85","IPSL-CM5A-MR",2050,"mar",0,0,0,0,0,0,0,0,0,0,0,0,0,0,0,0,0,0,0,0,0,0,0,0,0,0,0,0,0,0,0,0,0,0,0,0,0,0,0,0,0,0,0,0,0,0,0,0,0,0
"wascoCA_50km_shp","shp","rcp85","IPSL-CM5A-MR",2050,"apr",0,0,0,0,0,0,0,0,0,0,0,0,0,0,0,0,0,0,0,0,0,0,0,0,0,0,0,0,0,0,0,0,0,0,0,0,0,0,0,0,0,0,0,0,0,0,0,0,0,0
"wascoCA_50km_shp","shp","rcp85","IPSL-CM5A-MR",2050,"may",0,0,0,0,0,0,0,0,0,0,0,0,0,0,0,0,0,0,0,0,0,0,0,0,0,0,0,0,0,0,0,0,0,0,0,0,0,0,0,0,0,0,0,0,0,0,0,0,0,0
"wascoCA_50km_shp","shp","rcp85","IPSL-CM5A-MR",2050,"jun",0,0,0,0,0,0,0,0,0,0,0,0,0,0,0,0,0,0,0,0,0,0,0,0,0,0,0,0,0,0,0,0,0,0,0,0,0,0,0,0,0,0,0,0,0,0,0,0,0,0
"wascoCA_50km_shp","shp","rcp85","IPSL-CM5A-MR",2050,"jul",0,0,0,0,0,0,0,0,0,0,0,0,0,0,0,0,0,0,0,0,0,0,0,0,0,0,0,0,0,0,0,0,0,0,0,0,0,0,0,0,0,0,0,0,0,0,0,0,0,0
"wascoCA_50km_shp","shp","rcp85","IPSL-CM5A-MR",2050,"aug",0,0,0,0,0,0,0,0,0,0,0,0,0,0,0,0,0,0,0,0,0,0,0,0,0,0,0,0,0,0,0,0,0,0,0,0,0,0,0,0,0,0,0,0,0,0,0,0,0,0
"wascoCA_50km_shp","shp","rcp85","IPSL-CM5A-MR",2050,"sep",0,0,0,0,0,0,0,0,0,0,0,0,0,0,0,0,0,0,0,0,0,0,0,0,0,0,0,0,0,0,0,0,0,0,0,0,0,0,0,0,0,0,0,0,0,0,0,0,0,0
"wascoCA_50km_shp","shp","rcp85","IPSL-CM5A-MR",2050,"oct",0,0,0,0,0,0,0,0,0,0,0,0,0,0,0,0,0,0,0,0,0,0,0,0,0,0,0,0,0,0,0,0,0,0,0,0,0,0,0,0,0,0,0,0,0,0,0,0,0,0
"wascoCA_50km_shp","shp","rcp85","IPSL-CM5A-MR",2050,"nov",0,0,0,0,0,0,0,0,0,0,0,0,0,0,0,0,0,0,0,0,0,0,0,0,0,0,0,0,0,0,0,0,0,0,0,0,0,0,0,0,0,0,0,0,0,0,0,0,0,0
"wascoCA_50km_shp","shp","rcp85","IPSL-CM5A-MR",2050,"dec",0,0,0,0,0,0,0,0,0,0,0,0,0,0,0,0,0,0,0,0,0,0,0.00699300699300699,0.013986013986014,0,0,0,0,0,0,0,0,0,0,0,0,0,0,0,0,0,0,0,0,0,0,0,0,0,0
"wascoCA_50km_shp","shp","rcp45","IPSL-CM5B-LR",2050,"jan",0,0,0,0,0,0,0,0,0,0,0,0,0,0,0,0,0,0,0,0,0,0,0,0,0,0,0,0,0,0,0,0,0,0,0,0,0,0,0,0,0,0,0,0,0,0,0,0,0,0
"wascoCA_50km_shp","shp","rcp45","IPSL-CM5B-LR",2050,"feb",0,0,0,0,0,0,0,0,0,0,0,0,0,0,0,0,0,0,0,0,0,0,0,0,0,0,0,0,0,0,0,0,0,0,0,0,0,0,0,0,0,0,0,0,0,0,0,0,0,0
"wascoCA_50km_shp","shp","rcp45","IPSL-CM5B-LR",2050,"mar",0,0,0,0,0,0,0,0,0,0,0.979020979020979,0,0,0,0,0,0,0,0,0,0,0,0,0,0,0,0,0,0,0,0,0,0,0,0,0,0,0,0,0,0,0,0,0,0,0,0,0,0,0
"wascoCA_50km_shp","shp","rcp45","IPSL-CM5B-LR",2050,"apr",0,0,0,0,0,0,0,0,0,0,0,0,0,0,0,0,0,0,0,0,0,0,0,0,0,0,0,0,0,0,0,0,0,0,0,0,0,0,0,0,0,0,0,0,0,0,0,0,0,0
"wascoCA_50km_shp","shp","rcp45","IPSL-CM5B-LR",2050,"may",0,0,0,0,0,0,0,0,0,0,0,0,0,0,0,0,0,0,0,0,0,0,0,0,0,0,0,0,0,0,0,0,0,0,0,0,0,0,0,0,0,0,0,0,0,0,0,0,0,0
"wascoCA_50km_shp","shp","rcp45","IPSL-CM5B-LR",2050,"jun",0,0,0,0,0,0,0,0,0,0,0,0,0,0,0,0,0,0,0,0,0,0,0,0,0,0,0,0,0,0,0,0,0,0,0,0,0,0,0,0,0,0,0,0,0,0,0,0,0,0
"wascoCA_50km_shp","shp","rcp45","IPSL-CM5B-LR",2050,"jul",0,0,0,0,0,0,0,0,0,0,0,0,0,0,0,0,0,0,0,0,0,0,0,0,0,0,0,0,0,0,0,0,0,0,0,0,0,0,0,0,0,0,0,0,0,0,0,0,0,0
"wascoCA_50km_shp","shp","rcp45","IPSL-CM5B-LR",2050,"aug",0,0,0,0,0,0,0,0,0,0,0,0,0,0,0,0,0,0,0,0,0,0,0,0,0,0,0,0,0,0,0,0,0,0,0,0,0,0,0,0,0.132867132867133,0,0,0,0,0,0,0,0,0
"wascoCA_50km_shp","shp","rcp45","IPSL-CM5B-LR",2050,"sep",0,0,0,0,0,0,0,0,0,0.020979020979021,0,0,0,0,0,0,0,0,0,0,0,0,0,0,0,0,0,0,0,0,0,0,0,0,0,0,0,0,0,0,0,0,0,0,0,0,0,0,0,0
"wascoCA_50km_shp","shp","rcp45","IPSL-CM5B-LR",2050,"oct",0,0,0,0,0,0,0,0,0,0,0,0,0,0,0,0,0,0,0,0,0,0,0,0,0,0,0,0,0,0,0,0,0,0,0,0,0,0,0,0,0,0,0,0,0,0,0,0,0,0
"wascoCA_50km_shp","shp","rcp45","IPSL-CM5B-LR",2050,"nov",0,0,0,0,0,0,0,0,0,0,0,0,0,0,0,0,0,0,0,0,0,0,0,0,0,0,0,0,0,0,0,0,0,0,0,0,0,0,0,0,0,0,0,0,0,0,0,0,0,0
"wascoCA_50km_shp","shp","rcp45","IPSL-CM5B-LR",2050,"dec",0,0,0,0,0,0,0,0,0,0,0,0,0,0,0,0,0,0,0,0,0,0,0,0,0,0,0,0,0,0,0,0,0,0,0,0,0,0,0,0,0,0,0,0.0839160839160839,0,0,0,0,0,0
"wascoCA_50km_shp","shp","rcp85","IPSL-CM5B-LR",2050,"jan",0,0,0,0,0,0,0,0,0,0,0.0839160839160839,0,0,0,0,0,0,0,0,0,0,0,0,0,0,0,0,0,0,0,0,0,0,0,0,0,0,0,0,0,0,0,0,0,0,0,0,0,0,0
"wascoCA_50km_shp","shp","rcp85","IPSL-CM5B-LR",2050,"feb",0,0,0,0,0,0,0,0,0,0,0,0,0,0,0,0,0,0,0,0,0,0,0,0,0,0,0,0,0,0,0,0,0,0,0,0,0,0,0,0,0,0,0,0,0,0,0,0,0,0
"wascoCA_50km_shp","shp","rcp85","IPSL-CM5B-LR",2050,"mar",0,0,0,0,0,0,0,0,0,0,0,0,0,0,0,0,0,0,0,0,0,0,0,0,0,0,0,0,0,0,0,0,0,0,0,0,0,0,0,0,0,0,0,0,0,0,0,0,0,0
"wascoCA_50km_shp","shp","rcp85","IPSL-CM5B-LR",2050,"apr",0,0,0,0,0,0,0,0,0,0,0,0,0,0,0,0,0,0,0,0,0,0,0,0,0,0,0,0,0,0,0,0,0,0,0,0,0,0,0,0,0,0,0,0,0,0,0,0,0,0
"wascoCA_50km_shp","shp","rcp85","IPSL-CM5B-LR",2050,"may",0,0,0,0,0,0,0,0,0,0,0,0,0,0,0,0,0,0,0,0,0,0,0,0,0,0,0,0,0,0,0,0,0,0,0,0,0,0,0,0,0,0,0,0,0,0,0,0,0,0
"wascoCA_50km_shp","shp","rcp85","IPSL-CM5B-LR",2050,"jun",0,0,0,0,0,0,0,0,0,0,0,0,0,0,0,0,0,0,0,0,0,0,0,0,0,0,0,0,0,0,0,0,0,0,0,0,0,0,0,0,0,0,0,0,0,0,0,0,0,0
"wascoCA_50km_shp","shp","rcp85","IPSL-CM5B-LR",2050,"jul",0,0,0,0,0,0,0,0,0,0,0,0,0,0,0,0,0,0,0,0,0,0,0,0,0,0,0,0,0,0,0,0,0,0,0,0,0,0,0,0,0,0,0,0,0,0,0,0,0,0
"wascoCA_50km_shp","shp","rcp85","IPSL-CM5B-LR",2050,"aug",0,0,0,0,0,0,0,0,0,0,0,0,0,0,0,0,0,0,0,0,0,0,0,0,0,0,0,0,0,0,0,0,0,0,0,0,0,0,0,0,0,0,0,0,0,0,0,0,0,0
"wascoCA_50km_shp","shp","rcp85","IPSL-CM5B-LR",2050,"sep",0,0,0,0,0,0,0,0,0,0,0,0,0,0,0.0629370629370629,0,0,0,0,0,0,0,0,0,0,0,0,0,0,0,0,0,0,0,0,0,0,0,0,0,0,0,0,0,0,0,0,0,0,0
"wascoCA_50km_shp","shp","rcp85","IPSL-CM5B-LR",2050,"oct",0,0,0,0,0,0,0,0,0,0,0,0,0,0,0,0,0,0,0,0,0,0,0,0,0,0,0,0,0,0,0,0,0,0,0,0,0,0,0,0,0,0,0,0,0,0,0,0,0,0
"wascoCA_50km_shp","shp","rcp85","IPSL-CM5B-LR",2050,"nov",0,0,0,0,0,0,0,0,0,0,0,0,0,0,0,0,0,0,0,0,0,0,0,0,0,0,0,0,0,0,0.041958041958042,0,0,0,0,0,0,0,0,0,0,0,0,0,0,0,0,0,0,0
"wascoCA_50km_shp","shp","rcp85","IPSL-CM5B-LR",2050,"dec",0,0,0,0,0,0,0,0,0,0,0,0,0,0,0,0,0,0,0,0,0,0,0,0,0,0,0,0,0,0,0,0,0,0,0,0,0,0,0,0,0,0,0,0,0,0,0,0,0,0
"wascoCA_50km_shp","shp","rcp45","MIROC-ESM-CHEM",2050,"jan",0,0,0,0,0,0,0,0,0,0,0,0,0.00699300699300699,0,0,0,0,0,0,0,0,0,0,0,0,0.0909090909090909,0,0.118881118881119,0,0,0,0,0,0,0,0,0,0,0,0,0,0,0,0,0,0,0,0,0,0
"wascoCA_50km_shp","shp","rcp45","MIROC-ESM-CHEM",2050,"feb",0,0,0,0,0,0,0,0,0,0,0,0,0,0,0,0,0,0,0,0,0,0,0,0,0,0,0,0,0,0,0,0,0,0,0,0,0,0,0,0,0,0,0,0,0,0,0,0,0,0
"wascoCA_50km_shp","shp","rcp45","MIROC-ESM-CHEM",2050,"mar",0,0,0,0,0,0,0,0,0,0,0,0,0,0,0,0,0,0,0,0,0,0,0,0,0,0,0,0,0,0,0,0,0,0,0,0,0,0,0,0,0,0,0,0,0,0,0,0,0,0
"wascoCA_50km_shp","shp","rcp45","MIROC-ESM-CHEM",2050,"apr",0,0,0,0,0,0,0,0,0,0,0,0,0,0,0,0,0,0,0,0,0,0,0,0,0,0,0,0,0,0,0,0,0,0,0,0,0,0,0,0,0,0,0,0,0,0,0,0,0,0
"wascoCA_50km_shp","shp","rcp45","MIROC-ESM-CHEM",2050,"may",0,0,0,0,0,0,0,0,0,0,0,0,0,0,0,0,0,0,0,0,0,0,0,0,0,0,0,0,0,0,0,0,0,0,0,0,0,0,0,0,0,0,0,0,0,0,0,0,0,0
"wascoCA_50km_shp","shp","rcp45","MIROC-ESM-CHEM",2050,"jun",0,0,0,0,0,0,0,0,0,0,0,0,0,0,0,0,0,0,0,0,0,0,0,0,0,0,0,0,0,0,0,0,0,0,0,0,0,0,0,0,0,0,0,0,0,0,0,0,0,0
"wascoCA_50km_shp","shp","rcp45","MIROC-ESM-CHEM",2050,"jul",0,0,0,0,0,0,0,0,0,0,0,0,0,0,0,0,0,0,0,0,0,0,0,0,0,0,0,0,0,0,0,0,0,0,0,0,0,0,0,0,0,0,0,0,0,0,0,0,0,0
"wascoCA_50km_shp","shp","rcp45","MIROC-ESM-CHEM",2050,"aug",0,0,0,0,0,0,0,0,0,0,0,0,0,0,0,0,0,0,0,0,0,0,0,0,0,0,0,0,0,0,0,0,0,0,0,0,0,0,0,0,0,0,0,0,0,0,0,0,0,0
"wascoCA_50km_shp","shp","rcp45","MIROC-ESM-CHEM",2050,"sep",0,0,0,0,0,0,0,0,0,0,0,0,0,0,0,0,0,0,0,0,0,0,0,0,0,0,0,0,0,0,0,0,0,0,0,0,0,0,0,0,0,0,0,0,0,0,0,0,0,0
"wascoCA_50km_shp","shp","rcp45","MIROC-ESM-CHEM",2050,"oct",0,0,0,0,0,0,0,0,0,0,0,0,0,0,0,0,0,0,0,0,0,0,0,0,0,0,0,0,0,0,0,0,0,0,0,0,0,0,0,0,0,0,0,0,0,0,0,0,0,0
"wascoCA_50km_shp","shp","rcp45","MIROC-ESM-CHEM",2050,"nov",0,0,0,0,0,0,0,0,0,0,0,0,0,0,0,0,0,0,0,0,0,0,0,0,0,0,0,0,0,0,0,0,0,0,0,0,0,0,0,0,0,0,0,0,0,0,0,0,0,0
"wascoCA_50km_shp","shp","rcp45","MIROC-ESM-CHEM",2050,"dec",0,0,0,0,0,0,0,0,0,0,0,0,0,0,0,0,0,0,0,0,0,0,0,0,0,0,0,0,0,0,0,0,0,0,0,0,0,0.0629370629370629,0,0,0,0,0,0,0,0,0,0,0,0
"wascoCA_50km_shp","shp","rcp85","MIROC-ESM-CHEM",2050,"jan",0,0,0.048951048951049,0,0,0,0,0,0,0,0,0,0,0,0,0,0,0,0,0,0,0,0,0,0,0,0,0,0,0,0,0,0,0,0,0,0,0,0,0,0,0,0,0,0,0,0,0,0,0
"wascoCA_50km_shp","shp","rcp85","MIROC-ESM-CHEM",2050,"feb",0,0,0,0,0,0,0,0,0,0,0,0,0,0,0,0,0,0,0,0,0,0,0,0,0,0,0,0,0,0,0,0,0,0,0,0,0,0,0,0,0,0,0,0,0,0,0,0,0,0
"wascoCA_50km_shp","shp","rcp85","MIROC-ESM-CHEM",2050,"mar",0,0,0,0,0,0,0,0,0,0,0,0,0,0,0,0,0,0,0,0,0,0,0,0,0,0,0,0,0,0,0,0,0,0,0,0,0,0,0,0.020979020979021,0,0,0,0,0,0,0,0,0,0
"wascoCA_50km_shp","shp","rcp85","MIROC-ESM-CHEM",2050,"apr",0,0,0,0,0,0,0,0,0,0,0,0,0,0,0,0,0,0,0,0,0,0,0,0,0,0,0,0,0,0,0,0,0,0,0,0,0,0,0,0,0,0,0,0,0,0,0,0,0,0
"wascoCA_50km_shp","shp","rcp85","MIROC-ESM-CHEM",2050,"may",0,0,0,0,0,0,0,0,0,0,0,0,0,0,0,0,0,0,0,0,0,0,0,0,0,0,0,0,0,0,0,0,0,0,0,0,0,0,0,0,0,0,0,0,0,0,0,0,0,0
"wascoCA_50km_shp","shp","rcp85","MIROC-ESM-CHEM",2050,"jun",0,0,0,0,0,0,0,0,0,0,0,0,0,0,0,0,0,0,0,0,0,0,0,0,0,0,0,0,0,0,0,0,0,0,0,0,0,0,0,0,0,0,0,0,0,0,0,0,0,0
"wascoCA_50km_shp","shp","rcp85","MIROC-ESM-CHEM",2050,"jul",0,0,0,0,0,0,0,0,0,0,0,0,0,0,0,0,0,0,0,0,0,0,0,0,0,0,0,0,0,0,0,0,0,0,0,0,0,0,0,0,0,0,0,0,0,0,0,0,0,0
"wascoCA_50km_shp","shp","rcp85","MIROC-ESM-CHEM",2050,"aug",0,0,0,0,0,0,0,0,0,0,0,0,0,0,0,0,0,0,0,0,0,0,0,0,0,0,0,0,0,0,0,0,0,0,0,0,0,0,0,0,0,0,0,0,0,0,0,0,0,0
"wascoCA_50km_shp","shp","rcp85","MIROC-ESM-CHEM",2050,"sep",0,0,0,0,0,0,0,0,0,0,0,0,0,0,0,0,0,0,0,0,0,0,0,0,0,0,0,0,0,0,0,0,0,0,0,0,0,0,0,0,0,0,0,0,0,0,0,0,0,0
"wascoCA_50km_shp","shp","rcp85","MIROC-ESM-CHEM",2050,"oct",0,0,0,0,0,0,0,0,0,0,0,0,0,0,0,0,0,0,0,0,0,0,0,0,0,0,0,0,0,0,0,0,0,0,0,0,0,0,0,0,0,0,0,0,0,0,0,0,0,0
"wascoCA_50km_shp","shp","rcp85","MIROC-ESM-CHEM",2050,"nov",0,0,0,0,0,0,0,0,0,0,0,0,0,0,0,0,0,0,0,0,0,0,0,0,0,0,0,0,0,0,0,0,0,0,0,0,0,0,0,0,0,0,0,0,0,0,0,0,0,0
"wascoCA_50km_shp","shp","rcp85","MIROC-ESM-CHEM",2050,"dec",0,0,0,0,0,0.041958041958042,0,0,0,0,0,0,0,0,0,0,0,0,0,0,0,0,0,0,0.167832167832168,0,0,0,0,0,0,0,0,0,0,0,0,0,0,0,0,0.013986013986014,0,0,0,0,0,0,0,0
"wascoCA_50km_shp","shp","rcp45","MIROC-ESM",2050,"jan",0,0,0,0.00699300699300699,0,0,0,0,0,0,0,0,0,0,0,0,0,0,0,0,0,0,0,0,0,0,0,0,0,0,0,0,0,0,0,0,0,0,0,0,0,0,0,0,0,0,0,0,0,0
"wascoCA_50km_shp","shp","rcp45","MIROC-ESM",2050,"feb",0,0,0,0,0,0,0,0,0,0,0,0,0,0,0,0,0,0,0,0,0,0,0,0,0,0,0,0,0,0,0,0,0,0,0,0,0,0,0,0,0,0,0,0,0,0,0,0,0,0
"wascoCA_50km_shp","shp","rcp45","MIROC-ESM",2050,"mar",0,0,0,0,0,0,0,0,0,0,0,0,0,0,0,0,0,0,0,0,0,0,0,0,0,0,0,0,0,0,0,0,0,0,0,0,0,0,0,0,0,0,0,0,0,0,0,0,0,0
"wascoCA_50km_shp","shp","rcp45","MIROC-ESM",2050,"apr",0,0,0,0,0,0,0,0,0,0,0,0,0,0,0,0,0,0,0,0,0,0,0,0,0,0,0,0,0,0,0,0,0,0,0,0,0,0,0,0,0,0,0,0,0,0,0,0,0,0
"wascoCA_50km_shp","shp","rcp45","MIROC-ESM",2050,"may",0,0,0,0,0,0,0,0,0,0,0,0,0,0,0,0,0,0,0,0,0,0,0,0,0,0,0,0,0,0,0,0,0,0,0,0,0,0,0,0,0,0,0,0,0,0,0,0,0,0
"wascoCA_50km_shp","shp","rcp45","MIROC-ESM",2050,"jun",0,0,0,0,0,0,0,0,0,0,0,0,0,0,0,0,0,0,0,0,0,0,0,0,0,0,0,0,0,0,0,0,0,0,0,0,0,0,0,0,0,0,0,0,0,0,0,0,0,0
"wascoCA_50km_shp","shp","rcp45","MIROC-ESM",2050,"jul",0,0,0,0,0,0,0,0,0,0,0,0,0,0,0,0,0,0,0,0,0,0,0,0,0,0,0,0,0,0,0,0,0,0,0,0,0,0,0,0,0,0,0,0,0,0,0,0,0,0
"wascoCA_50km_shp","shp","rcp45","MIROC-ESM",2050,"aug",0,0,0,0,0,0,0,0,0,0,0,0,0,0,0,0,0,0,0,0,0,0,0,0,0,0,0,0,0,0,0,0,0,0,0,0,0,0,0,0,0,0,0,0,0,0,0,0,0,0
"wascoCA_50km_shp","shp","rcp45","MIROC-ESM",2050,"sep",0,0,0,0,0,0,0,0,0,0,0,0,0,0,0,0,0,0,0,0,0,0,0,0,0,0,0,0,0,0,0,0,0,0,0,0,0,0,0,0,0,0,0,0,0,0,0,0,0,0
"wascoCA_50km_shp","shp","rcp45","MIROC-ESM",2050,"oct",0,0,0,0,0,0,0,0,0,0,0,0,0,0,0,0,0,0,0,0,0,0,0,0,0,0,0,0,0,0,0,0,0,0,0,0,0,0,0,0,0,0,0,0,0,0,0,0,0,0
"wascoCA_50km_shp","shp","rcp45","MIROC-ESM",2050,"nov",0,0,0,0,0,0,0,0,0,0,0,0,0,0,0,0,0,0,0,0,0,0,0,0,0,0,0,0,0,0,0,0,0,0,0,0,0,0,0,0,0,0,0,0,0,0,0,0,0,0
"wascoCA_50km_shp","shp","rcp45","MIROC-ESM",2050,"dec",0,0,0,0,0,0,0,0,0,0,0,0,0,0,0,0,0,0,0,0,0,0,0,0,0,0,0,0,0,0,0,0,0,0,0,0,0,0,0,0,0,0,0,0,0,0,0,0,0,0
"wascoCA_50km_shp","shp","rcp85","MIROC-ESM",2050,"jan",0,0,0,0,0,0,0,0,0,0,0,0,0,0,0,0,0,0,0,0,0,0,0,0,0,0,0,0,0,0,0,0,0,0,0,0,0,0,0,0,0,0,0,0,0,0,0,0,0,0
"wascoCA_50km_shp","shp","rcp85","MIROC-ESM",2050,"feb",0,0,0,0,0,0,0,0,0,0,0,0,0,0,0,0,0,0,0,0,0,0,0,0,0,0,0,0,0,0,0,0,0,0,0,0,0,0,0,0,0,0,0,0,0,0,0,0,0,0
"wascoCA_50km_shp","shp","rcp85","MIROC-ESM",2050,"mar",0,0,0,0,0,0,0,0,0,0,0,0,0,0,0,0,0,0,0,0.153846153846154,0,0,0,0,0,0,0,0,0,0,0,0,0,0,0,0,0,0,0,0,0,0,0,0,0,0,0,0,0,0
"wascoCA_50km_shp","shp","rcp85","MIROC-ESM",2050,"apr",0,0,0,0,0,0,0,0,0,0,0,0,0,0,0,0,0,0,0,0,0,0,0,0,0,0,0,0,0,0,0,0,0,0,0,0,0,0,0,0,0,0,0,0,0,0,0,0,0,0
"wascoCA_50km_shp","shp","rcp85","MIROC-ESM",2050,"may",0,0,0,0,0,0,0,0,0,0,0,0,0,0,0,0,0,0,0,0,0,0,0,0,0,0,0,0,0,0,0,0,0,0,0,0,0,0,0,0,0,0,0,0,0,0,0,0,0,0
"wascoCA_50km_shp","shp","rcp85","MIROC-ESM",2050,"jun",0,0,0,0,0,0,0,0,0,0,0,0,0,0,0,0,0,0,0,0,0,0,0,0,0,0,0,0,0,0,0,0,0,0,0,0,0,0,0,0,0,0,0,0,0,0,0,0,0,0
"wascoCA_50km_shp","shp","rcp85","MIROC-ESM",2050,"jul",0,0,0,0,0,0,0,0,0,0,0,0,0,0,0,0,0,0,0,0,0,0,0,0,0,0,0,0,0,0,0,0,0,0,0,0,0,0,0,0,0,0,0,0,0,0,0,0,0,0
"wascoCA_50km_shp","shp","rcp85","MIROC-ESM",2050,"aug",0,0,0,0,0,0,0,0,0,0,0,0,0,0,0,0,0,0,0,0,0,0,0,0,0,0,0,0,0,0,0,0,0,0,0,0,0,0,0,0,0,0,0,0,0,0,0,0,0,0
"wascoCA_50km_shp","shp","rcp85","MIROC-ESM",2050,"sep",0,0,0,0,0,0,0,0,0,0,0,0,0,0,0,0,0,0,0,0,0,0,0,0,0,0,0,0,0,0,0,0,0,0,0,0,0,0,0,0,0,0,0,0,0,0,0,0,0,0
"wascoCA_50km_shp","shp","rcp85","MIROC-ESM",2050,"oct",0,0,0,0,0,0,0,0,0,0,0,0,0,0,0,0,0,0,0,0,0,0,0,0,0,0,0,0,0,0,0,0,0,0,0,0,0,0,0,0,0,0,0,0,0,0,0,0,0,0
"wascoCA_50km_shp","shp","rcp85","MIROC-ESM",2050,"nov",0,0,0,0,0,0,0,0,0,0,0,0,0,0,0,0,0,0,0,0,0,0,0,0,0,0,0,0,0,0,0,0,0,0,0,0,0,0,0,0,0,0,0,0,0,0,0,0,0,0
"wascoCA_50km_shp","shp","rcp85","MIROC-ESM",2050,"dec",0,0,0,0,0,0,0,0,0,0,0,0,0,0,0,0,0,0,0,0.013986013986014,0,0,0,0,0,0,0,0,0,0,0,0,0,0.0839160839160839,0,0,0,0,0,0,0,0,0.286713286713287,0,0,0,0,0,0,0
"wascoCA_50km_shp","shp","rcp45","MIROC5",2050,"jan",0,0,0,0,0,0,0,0,0,0,0,0,0,0,0,0,0,0,0,0,0,0,0,0,0,0,0,0,0,0,0,0,0,0,0.034965034965035,0,0,0,0,0,0,0,0,0,0,0,0,0,0,0
"wascoCA_50km_shp","shp","rcp45","MIROC5",2050,"feb",0,0,0,0,0,0,0,0,0,0,0,0,0,0,0,0,0,0,0,0,0,0,0,0,0,0,0,0,0,0,0,0,0,0,0,0,0,0,0,0,0,0,0,0,0,0,0,0,0,0
"wascoCA_50km_shp","shp","rcp45","MIROC5",2050,"mar",0,0,0,0,0,0,0,0,0,0,0,0,0,0,0,0,0,0,0,0,0,0,0,0,0,0,0,0,0,0,0,0,0,0,0,0,0,0,0,0,0,0,0,0,0,0,0,0,0,0
"wascoCA_50km_shp","shp","rcp45","MIROC5",2050,"apr",0,0,0,0,0,0,0,0,0,0,0,0,0,0,0,0,0,0,0,0,0,0,0,0,0,0,0,0,0,0,0,0,0,0,0,0,0,0,0,0,0,0,0,0,0,0,0,0,0,0
"wascoCA_50km_shp","shp","rcp45","MIROC5",2050,"may",0,0,0,0,0,0,0,0,0,0,0,0,0,0,0,0,0,0,0,0,0,0,0,0,0,0,0,0,0,0,0,0,0,0,0,0,0,0,0,0,0,0,0,0,0,0,0,0,0,0
"wascoCA_50km_shp","shp","rcp45","MIROC5",2050,"jun",0,0,0,0,0,0,0,0,0,0,0,0,0,0,0,0,0,0,0,0,0,0,0,0,0,0,0,0,0,0,0,0,0,0,0,0,0,0,0,0,0,0,0,0,0,0,0,0,0,0
"wascoCA_50km_shp","shp","rcp45","MIROC5",2050,"jul",0,0,0,0,0,0,0,0,0,0,0,0,0,0,0,0,0,0,0,0,0,0,0,0,0,0,0,0,0,0,0,0,0,0,0,0,0,0,0,0,0,0,0,0,0,0,0,0,0,0
"wascoCA_50km_shp","shp","rcp45","MIROC5",2050,"aug",0,0,0,0,0,0,0,0,0,0,0,0,0,0,0,0,0,0,0,0,0,0,0,0,0,0,0,0,0,0,0,0,0,0,0,0,0,0,0,0,0,0,0,0,0,0,0,0,0,0
"wascoCA_50km_shp","shp","rcp45","MIROC5",2050,"sep",0,0,0,0,0,0,0,0,0,0,0,0,0,0,0,0,0,0,0,0,0,0,0.454545454545455,0,0,0,0,0,0,0,0,0,0,0,0,0,0,0,0,0,0,0,0,0,0,0,0,0,0,0
"wascoCA_50km_shp","shp","rcp45","MIROC5",2050,"oct",0,0,0,0,0,0,0,0,0,0,0,0,0,0,0,0,0,0,0,0,0,0,0,0,0,0,0,0,0,0,0,0,0,0,0,0,0,0,0,0,0,0,0,0,0,0,0,0,0,0
"wascoCA_50km_shp","shp","rcp45","MIROC5",2050,"nov",0,0,0,0,0,0,0,0,0,0,0,0,0,0,0,0,0,0,0,0,0,0,0,0,0,0,0,0,0,0,0,0,0,0,0,0,0,0,0,0,0,0,0,0,0,0,0,0,0,0
"wascoCA_50km_shp","shp","rcp45","MIROC5",2050,"dec",0,0,0,0,0,0,0,0,0,0,0,0,0,0,0,0,0,0,0,0,0,0,0,0,0,0,0,0,0,0,0,0,0,0,0,0,0,0,0,0,0,0,0,0,0,0,0,0,0,0
"wascoCA_50km_shp","shp","rcp85","MIROC5",2050,"jan",0,0,0,0,0,0,0,0,0,0,0.118881118881119,0,0,0,0,0,0,0,0,0,0,0,0,0,0,0,0,0,0,0,0,0,0,0,0,0,0,0,0.013986013986014,0,0,0,0,0,0,0,0,0,0,0
"wascoCA_50km_shp","shp","rcp85","MIROC5",2050,"feb",0,0,0,0,0,0,0,0,0,0,0,0,0,0,0,0,0,0,0,0,0,0,0,0,0,0,0,0,0,0,0,0,0,0,0,0,0,0,0,0,0,0,0,0,0,0,0,0,0,0
"wascoCA_50km_shp","shp","rcp85","MIROC5",2050,"mar",0,0,0,0,0,0,0,0,0,0,0,0,0,0,0,0,0,0,0,0,0,0,0,0,0,0,0,0,0,0,0,0,0,0,0,0,0,0,0,0,0,0,0,0,0,0,0,0,0,0
"wascoCA_50km_shp","shp","rcp85","MIROC5",2050,"apr",0,0,0,0,0,0,0,0,0,0,0,0,0,0,0,0,0,0,0,0,0,0,0,0,0,0,0,0,0,0,0,0,0,0,0,0,0,0,0,0,0,0,0,0,0,0,0,0,0,0
"wascoCA_50km_shp","shp","rcp85","MIROC5",2050,"may",0,0,0,0,0,0,0,0,0,0,0,0,0,0,0,0,0,0,0,0,0,0,0,0,0,0,0,0,0,0,0,0,0,0,0,0,0,0,0,0,0,0,0,0,0,0,0,0,0,0
"wascoCA_50km_shp","shp","rcp85","MIROC5",2050,"jun",0,0,0,0,0,0,0,0,0,0,0,0,0,0,0,0,0,0,0,0,0,0,0,0,0,0,0,0,0,0,0,0,0,0,0,0,0,0,0,0,0,0,0,0,0,0,0,0,0,0
"wascoCA_50km_shp","shp","rcp85","MIROC5",2050,"jul",0,0,0,0,0,0,0,0,0,0,0,0,0,0,0,0,0,0,0,0,0,0,0,0,0,0,0,0,0,0,0,0,0,0,0,0,0,0,0,0,0,0,0,0,0,0,0,0,0,0
"wascoCA_50km_shp","shp","rcp85","MIROC5",2050,"aug",0,0,0,0,0,0,0,0,0,0,0,0,0,0,0,0,0,0,0,0,0,0,0,0,0,0,0,0,0,0,0,0,0,0,0,0,0,0,0,0,0,0,0,0,0,0,0,0,0,0
"wascoCA_50km_shp","shp","rcp85","MIROC5",2050,"sep",0,0,0,0,0,0,0,0,0,0,0,0,0,0,0,0,0,0,0,0,0,0,0,0,0,0,0,0,0,0,0,0,0,0,0,0,0,0,0,0,0,0,0,0,0,0,0,0,0,0
"wascoCA_50km_shp","shp","rcp85","MIROC5",2050,"oct",0,0,0,0,0,0,0,0,0,0,0,0,0,0,0,0,0,0,0,0,0,0,0,0,0,0,0,0,0,0,0,0,0,0,0,0,0,0,0,0,0,0,0,0,0,0,0,0,0,0
"wascoCA_50km_shp","shp","rcp85","MIROC5",2050,"nov",0,0,0,0,0,0,0,0,0,0,0,0,0,0,0,0,0,0,0,0,0,0,0,0,0,0,0,0,0,0,0,0,0,0,0,0,0,0,0,0,0,0,0,0,0,0,0,0,0,0
"wascoCA_50km_shp","shp","rcp85","MIROC5",2050,"dec",0,0,0,0,0,0,0,0,0,0,0,0,0,0,0,0,0,0,0,0,0,0,0,0,0,0,0,0,0,0,0,0,0,0,0,0,0,0,0,0,0,0,0,0,0,0,0,0,0,0
"wascoCA_50km_shp","shp","rcp45","MRI-CGCM3",2050,"jan",0,0,0.013986013986014,0,0,0,0,0,0,0,0,0,0,0,0,0,0,0,0,0,0,0,0,0,0,0,0,0,0,0,0,0,0,0,0,0,0,0,0,0,0,0,0,0,0,0,0,0.020979020979021,0,0
"wascoCA_50km_shp","shp","rcp45","MRI-CGCM3",2050,"feb",0,0,0,0,0,0,0,0,0,0,0,0,0,0,0,0,0,0,0,0,0,0,0,0,0,0,0,0,0,0,0,0,0,0,0,0,0,0,0,0,0,0,0,0,0,0,0,0,0,0
"wascoCA_50km_shp","shp","rcp45","MRI-CGCM3",2050,"mar",0,0,0,0,0,0,0,0,0,0,0,0,0,0,0,0,0,0,0,0,0,0,0,0,0,0,0,0.265734265734266,0,0,0,0,0,0,0,0,0,0,0,0,0,0,0,0,0,0,0,0,0,0
"wascoCA_50km_shp","shp","rcp45","MRI-CGCM3",2050,"apr",0,0,0,0,0,0,0,0,0,0,0,0,0,0,0,0,0,0,0,0,0,0,0,0,0,0,0,0,0,0,0,0,0,0,0,0,0,0,0,0,0,0,0,0,0,0,0,0,0,0
"wascoCA_50km_shp","shp","rcp45","MRI-CGCM3",2050,"may",0,0,0,0,0,0,0,0,0,0,0,0,0,0,0,0,0,0,0,0,0,0,0,0,0,0,0,0,0,0,0,0,0,0,0,0,0,0,0,0,0,0,0,0,0,0,0,0,0,0
"wascoCA_50km_shp","shp","rcp45","MRI-CGCM3",2050,"jun",0,0,0,0,0,0,0,0,0,0,0,0,0,0,0,0,0,0,0,0,0,0,0,0,0,0,0,0,0,0,0,0,0,0,0,0,0,0,0,0,0,0,0,0,0,0,0,0,0,0
"wascoCA_50km_shp","shp","rcp45","MRI-CGCM3",2050,"jul",0,0,0,0,0,0,0,0,0,0,0,0,0,0,0,0,0,0,0,0,0,0,0,0,0,0,0,0,0,0,0,0,0,0,0,0,0,0,0,0,0,0,0,0,0,0,0,0,0,0
"wascoCA_50km_shp","shp","rcp45","MRI-CGCM3",2050,"aug",0,0,0,0,0,0,0,0,0,0,0,0,0,0,0,0,0,0,0,0,0,0,0,0,0,0,0,0,0,0,0,0,0,0,0,0,0,0,0,0,0,0,0,0,0,0,0,0,0,0
"wascoCA_50km_shp","shp","rcp45","MRI-CGCM3",2050,"sep",0,0,0,0,0,0,0,0,0,0,0,0,0,0,0,0,0,0,0,0,0,0,0,0,0,0,0,0,0,0,0,0,0,0,0,0,0,0,0,0,0,0,0,0,0,0,0,0,0,0
"wascoCA_50km_shp","shp","rcp45","MRI-CGCM3",2050,"oct",0,0,0,0,0,0,0,0,0,0,0,0,0,0,0,0,0,0,0,0,0,0,0,0,0,0,0,0,0,0,0,0,0,0,0,0,0,0,0,0,0,0,0,0,0,0,0,0,0,0
"wascoCA_50km_shp","shp","rcp45","MRI-CGCM3",2050,"nov",0,0,0,0,0,0,0,0,0,0,0,0,0,0,0,0,0,0,0,0,0,0,0,0,0,0,0,0,0,0,0,0,0,0,0,0,0,0,0,0,0,0,0,0,0,0,0,0,0,0
"wascoCA_50km_shp","shp","rcp45","MRI-CGCM3",2050,"dec",0,0.041958041958042,0,0,0,0,0,0,0,0,0,0,0,0.00699300699300699,0,0,0,0,0,0,0,0.181818181818182,0,0,0,0,0,0,0,0,0,0,0,0,0,0,0,0,0,0.041958041958042,0,0,0,0,0,0,0,0,0,0
"wascoCA_50km_shp","shp","rcp85","MRI-CGCM3",2050,"jan",0,0,0,0,0,0.0909090909090909,0,0.00699300699300699,0,0,0,0,0,0,0,0,0,0,0,0,0,0,0,0,0,0,0,0,0,0,0.013986013986014,0,0,0,0,0,0.216783216783217,0,0,0,0,0,0,0,0,0,0,0,0,0
"wascoCA_50km_shp","shp","rcp85","MRI-CGCM3",2050,"feb",0,0,0,0,0,0,0,0,0,0,0,0,0,0,0,0,0,0,0,0,0,0,0,0,0,0,0,0,0,0,0,0,0,0,0,0,0,0,0,0,0,0,0,0,0,0,0,0,0,0
"wascoCA_50km_shp","shp","rcp85","MRI-CGCM3",2050,"mar",0,0,0,0,0,0,0,0,0,0,0,0,0,0,0,0,0,0,0,0,0,0,0,0,0,0,0,0,0,0,0,0,0,0,0,0,0,0,0,0,0,0,0,0,0,0,0,0,0,0
"wascoCA_50km_shp","shp","rcp85","MRI-CGCM3",2050,"apr",0,0,0,0,0,0,0,0,0,0,0,0,0,0,0,0,0,0,0,0,0,0,0,0,0,0,0,0,0,0,0,0,0,0,0,0,0,0,0,0,0,0,0,0,0,0,0,0,0,0
"wascoCA_50km_shp","shp","rcp85","MRI-CGCM3",2050,"may",0,0,0,0,0,0,0,0,0,0,0,0,0,0,0,0,0,0,0,0,0,0,0,0,0,0,0,0,0,0,0,0,0,0,0,0,0,0,0.0559440559440559,0.013986013986014,0,0,0,0,0,0,0,0,0,0
"wascoCA_50km_shp","shp","rcp85","MRI-CGCM3",2050,"jun",0,0,0,0,0,0,0,0,0,0,0,0,0,0,0,0,0,0,0,0,0,0,0,0,0,0,0,0,0,0,0,0,0,0,0,0,0,0,0,0,0,0,0,0,0,0,0,0,0,0
"wascoCA_50km_shp","shp","rcp85","MRI-CGCM3",2050,"jul",0,0,0,0,0,0,0,0,0,0,0,0,0,0,0,0,0,0,0,0,0,0,0,0,0,0,0,0,0,0,0,0,0,0,0,0,0,0,0,0,0,0,0,0,0,0,0,0,0,0
"wascoCA_50km_shp","shp","rcp85","MRI-CGCM3",2050,"aug",0,0,0,0,0,0,0,0,0,0,0,0,0,0,0,0,0,0,0,0,0,0,0,0,0,0,0,0,0,0,0,0,0,0,0,0,0,0,0,0,0,0,0,0,0,0,0,0,0,0
"wascoCA_50km_shp","shp","rcp85","MRI-CGCM3",2050,"sep",0,0,0,0,0,0,0,0,0,0,0,0,0,0,0,0,0,0,0,0,0,0,0,0,0,0,0,0,0,0,0,0,0,0,0,0,0,0,0,0,0,0,0,0,0,0,0,0,0,0
"wascoCA_50km_shp","shp","rcp85","MRI-CGCM3",2050,"oct",0,0,0,0,0,0,0,0,0,0,0,0,0,0,0,0,0,0,0,0,0,0,0,0,0,0,0,0,0,0,0,0,0,0,0,0,0,0,0,0,0,0,0,0,0,0,0,0,0,0
"wascoCA_50km_shp","shp","rcp85","MRI-CGCM3",2050,"nov",0,0,0,0,0,0,0,0,0,0,0,0,0,0,0,0,0,0,0,0,0,0,0,0,0,0,0,0,0,0,0,0,0,0,0,0,0,0,0,0,0,0,0,0,0,0,0,0,0,0
"wascoCA_50km_shp","shp","rcp85","MRI-CGCM3",2050,"dec",0,0,0,0,0,0,0,0,0,0,0,0,0,0,0,0,0,0,0,0,0,0,0,0,0,0,0,0,0,0,0,0,0,0,0,0,0,0.0839160839160839,0,0,0,0,0,0,0,0,0,0,0.013986013986014,0
"wascoCA_50km_shp","shp","rcp45","NorESM1-M",2050,"jan",0,0,0,0,0,0,0,0,0,0,0,0,0,0,0,0,0,0,0,0,0,0,0,0,0,0,0,0,0,0,0,0,0,0,0.181818181818182,0,0,0,0,0,0,0,0,0,0,0,0,0,0,0
"wascoCA_50km_shp","shp","rcp45","NorESM1-M",2050,"feb",0,0,0,0,0,0,0,0,0,0,0,0,0,0,0,0,0,0,0,0,0,0,0,0,0,0,0,0,0,0,0,0,0,0,0,0,0,0,0,0,0,0,0,0,0,0,0,0,0,0
"wascoCA_50km_shp","shp","rcp45","NorESM1-M",2050,"mar",0,0,0,0,0,0,0,0,0,0,0,0,0,0,0,0,0,0,0,0,0,0,0,0,0,0,0,0,0,0,0,0,0,0,0,0,0,0,0,0,0,0,0,0,0,0,0,0,0,0
"wascoCA_50km_shp","shp","rcp45","NorESM1-M",2050,"apr",0,0,0,0,0,0,0,0,0,0,0,0,0,0,0,0,0,0,0,0,0,0,0,0,0,0,0,0,0,0,0,0,0,0,0,0,0,0,0,0,0,0,0,0,0,0,0,0,0,0
"wascoCA_50km_shp","shp","rcp45","NorESM1-M",2050,"may",0,0,0,0,0,0,0,0,0,0,0,0,0,0,0,0,0,0,0,0,0,0,0,0,0,0,0,0,0,0,0,0,0,0,0,0,0,0,0,0,0,0,0,0,0,0,0,0,0,0
"wascoCA_50km_shp","shp","rcp45","NorESM1-M",2050,"jun",0,0,0,0,0,0,0,0,0,0,0,0,0,0,0,0,0,0,0,0,0,0,0,0,0,0,0,0,0,0,0,0,0,0,0,0,0,0,0,0,0,0,0,0,0,0,0,0,0,0
"wascoCA_50km_shp","shp","rcp45","NorESM1-M",2050,"jul",0,0,0,0,0,0,0,0,0,0,0,0,0,0,0,0,0,0,0,0,0,0,0,0,0,0,0,0,0,0,0,0,0,0,0,0,0,0,0,0,0,0,0,0,0,0,0,0,0,0
"wascoCA_50km_shp","shp","rcp45","NorESM1-M",2050,"aug",0,0,0,0,0,0,0,0,0,0,0,0,0,0,0,0,0,0,0,0,0,0,0,0,0,0,0,0,0,0,0,0,0,0,0,0,0,0,0,0,0,0,0,0,0,0,0,0,0,0
"wascoCA_50km_shp","shp","rcp45","NorESM1-M",2050,"sep",0,0,0,0,0,0,0,0,0,0.0559440559440559,0,0,0,0,0,0,0,0,0,0,0,0,0,0,0,0,0,0,0,0,0,0,0,0,0,0,0,0,0,0,0,0,0,0,0,0,0,0,0,0
"wascoCA_50km_shp","shp","rcp45","NorESM1-M",2050,"oct",0,0,0,0,0,0,0,0,0,0,0,0,0,0,0,0,0,0,0,0,0,0,0,0,0,0,0,0,0,0,0,0,0,0,0,0,0,0,0,0,0,0,0,0,0,0,0,0,0,0
"wascoCA_50km_shp","shp","rcp45","NorESM1-M",2050,"nov",0,0,0,0,0,0,0,0,0,0,0,0,0,0,0,0,0,0,0,0,0,0,0,0,0,0,0,0,0,0,0,0,0,0,0,0,0,0,0,0,0,0,0,0,0,0,0,0,0,0
"wascoCA_50km_shp","shp","rcp45","NorESM1-M",2050,"dec",0,0,0,0,0,0,0,0,0,0,0,0,0,0,0,0,0,0,0,0,0,0,0,0,0,0,0,0,0,0,0,0,0,0,0,0,0,0,0,0,0,0,0,0,0,0,0,0,0,0
"wascoCA_50km_shp","shp","rcp85","NorESM1-M",2050,"jan",0,0,0,0,0,0,0,0,0,0,0,0.00699300699300699,0,0,0,0,0,0,0,0,0,0,0,0,0,0,0,0,0,0,0,0,0,0,0,0,0,0,0,0,0,0,0,0,0,0,0,0,0,0
"wascoCA_50km_shp","shp","rcp85","NorESM1-M",2050,"feb",0,0,0,0,0,0,0,0,0,0,0,0,0,0,0,0,0,0,0,0,0,0,0,0,0,0,0,0,0,0,0,0,0,0,0,0,0,0,0,0,0,0,0,0,0,0,0,0,0,0
"wascoCA_50km_shp","shp","rcp85","NorESM1-M",2050,"mar",0,0,0,0,0,0,0,0,0,0,0,0,0,0,0,0,0,0,0,0,0,0,0,0,0,0,0,0,0,0,0,0,0,0,0,0,0,0,0,0,0,0,0,0,0,0,0,0,0,0
"wascoCA_50km_shp","shp","rcp85","NorESM1-M",2050,"apr",0,0,0,0,0,0,0,0,0,0,0,0,0,0,0,0,0,0,0,0,0,0,0,0,0,0,0,0,0,0,0,0,0,0,0,0,0,0,0,0,0,0,0,0,0,0,0,0,0,0
"wascoCA_50km_shp","shp","rcp85","NorESM1-M",2050,"may",0,0,0,0,0,0,0,0,0,0,0,0,0,0,0,0,0,0,0,0,0,0,0,0,0,0,0,0,0,0,0,0,0,0,0,0,0,0,0,0,0,0,0,0,0,0,0,0,0,0
"wascoCA_50km_shp","shp","rcp85","NorESM1-M",2050,"jun",0,0,0,0,0,0,0,0,0,0,0,0,0,0,0,0,0,0,0,0,0,0,0,0,0,0,0,0,0,0,0,0,0,0,0,0,0,0,0,0,0,0,0,0,0,0,0,0,0,0
"wascoCA_50km_shp","shp","rcp85","NorESM1-M",2050,"jul",0,0,0,0,0,0,0,0,0,0,0,0,0,0,0,0,0,0,0,0,0,0,0,0,0,0,0,0,0,0,0,0,0,0,0,0,0,0,0,0,0,0,0,0,0,0,0,0,0,0
"wascoCA_50km_shp","shp","rcp85","NorESM1-M",2050,"aug",0,0,0,0,0,0,0,0,0,0,0,0,0,0,0,0,0,0,0,0,0,0,0,0,0,0,0,0,0,0,0,0,0,0,0,0,0,0,0,0,0,0,0,0,0,0,0,0,0,0
"wascoCA_50km_shp","shp","rcp85","NorESM1-M",2050,"sep",0,0,0,0,0,0,0,0,0,0,0,0,0,0,0,0,0,0,0,0,0,0,0,0,0,0,0,0,0,0,0,0,0,0,0,0,0,0,0,0,0,0,0,0,0,0,0,0,0,0
"wascoCA_50km_shp","shp","rcp85","NorESM1-M",2050,"oct",0,0,0,0,0,0,0,0,0,0,0,0,0,0,0,0,0,0,0,0,0,0,0,0,0,0,0,0,0,0,0,0,0,0,0,0,0,0,0,0,0,0,0,0,0,0,0,0,0,0
"wascoCA_50km_shp","shp","rcp85","NorESM1-M",2050,"nov",0,0,0,0,0,0,0,0,0,0,0,0,0,0,0,0,0,0,0,0,0,0,0,0,0,0,0,0,0,0,0,0,0,0,0,0,0,0,0,0,0,0,0,0,0,0,0,0,0,0
"wascoCA_50km_shp","shp","rcp85","NorESM1-M",2050,"dec",0,0,0,0,0,0,0,0,0,0,0,0,0,0,0,0,0,0,0,0,0,0,0,0,0,0,0,0,0,0,0,0,0,0,0,0,0,0,0,0,0,0,0,0,0,0,0,0,0,0
"wascoCA_50km_shp","shp","rcp45","bcc-csm1-1-m",2050,"jan",0,0,0,0,0,0,0,0,0,0,0,0,0,0,0,0.041958041958042,0,0,0,0,0,0,0,0,0,0,0,0,0,0,0,0,0,0,0,0,0,0,0,0.020979020979021,0,0,0,0,0,0,0,0,0,0
"wascoCA_50km_shp","shp","rcp45","bcc-csm1-1-m",2050,"feb",0,0,0,0,0,0,0,0,0,0,0,0,0,0,0,0,0,0,0,0,0,0,0,0,0,0,0,0,0,0,0,0,0,0,0,0,0,0,0,0,0,0,0,0,0,0,0,0,0,0
"wascoCA_50km_shp","shp","rcp45","bcc-csm1-1-m",2050,"mar",0,0,0.0629370629370629,0,0,0,0,0,0,0,0,0,0,0,0,0,0,0,0,0,0,0,0,0,0,0,0,0,0,0,0,0,0,0,0.384615384615385,0,0,0,0,0,0,0,0,0,0,0,0,0,0,0
"wascoCA_50km_shp","shp","rcp45","bcc-csm1-1-m",2050,"apr",0,0,0,0,0,0,0,0,0,0,0,0,0,0,0,0,0,0,0,0,0,0,0,0,0,0,0,0,0,0,0,0,0,0,0,0,0,0,0,0,0,0,0,0,0,0,0,0,0,0
"wascoCA_50km_shp","shp","rcp45","bcc-csm1-1-m",2050,"may",0,0,0,0,0,0,0,0,0,0,0,0,0,0,0,0,0,0,0,0,0,0,0,0,0,0,0,0,0,0,0,0,0,0,0,0,0,0,0,0,0,0,0,0,0,0,0,0,0,0
"wascoCA_50km_shp","shp","rcp45","bcc-csm1-1-m",2050,"jun",0,0,0,0,0,0,0,0,0,0,0,0,0,0,0,0,0,0,0,0,0,0,0,0,0,0,0,0,0,0,0,0,0,0,0,0,0,0,0,0,0,0,0,0,0,0,0,0,0,0
"wascoCA_50km_shp","shp","rcp45","bcc-csm1-1-m",2050,"jul",0,0,0,0,0,0,0,0,0,0,0,0,0,0,0,0,0,0,0,0,0,0,0,0,0,0,0,0,0,0,0,0,0,0,0,0,0,0,0,0,0,0,0,0,0,0,0,0,0,0
"wascoCA_50km_shp","shp","rcp45","bcc-csm1-1-m",2050,"aug",0,0,0,0,0,0,0,0,0,0,0,0,0,0,0,0,0,0,0,0,0,0,0,0,0,0,0,0,0,0,0,0,0,0,0,0,0,0,0,0,0,0,0,0,0,0,0,0,0,0
"wascoCA_50km_shp","shp","rcp45","bcc-csm1-1-m",2050,"sep",0,0,0,0,0,0,0,0,0,0,0,0,0,0,0,0,0,0,0,0,0,0,0,0,0,0,0,0,0,0,0,0,0,0,0,0,0,0,0,0,0,0,0,0,0,0,0,0,0,0
"wascoCA_50km_shp","shp","rcp45","bcc-csm1-1-m",2050,"oct",0,0,0,0,0,0,0,0,0,0,0,0,0,0,0,0,0,0,0,0,0,0,0,0,0,0,0,0,0,0,0,0,0,0,0,0,0,0,0,0,0,0,0,0,0,0,0,0,0,0
"wascoCA_50km_shp","shp","rcp45","bcc-csm1-1-m",2050,"nov",0,0,0,0,0,0,0,0,0,0,0,0,0,0,0,0,0,0,0,0,0,0,0,0,0,0,0,0,0,0,0,0,0,0,0,0,0,0,0,0,0,0,0,0,0,0,0,0,0,0
"wascoCA_50km_shp","shp","rcp45","bcc-csm1-1-m",2050,"dec",0,0,0,0,0,0,0,0,0,0.559440559440559,0,0,0,0,0,0,0,0,0,0,0,0,0,0,0,0,0,0,0,0,0,0,0,0,0,0,0,0,0,0,0,0,0,0,0,0,0,0,0,0
"wascoCA_50km_shp","shp","rcp85","bcc-csm1-1-m",2050,"jan",0,0,0,0,0,0,0,0,0,0,0,0,0,0,0,0,0,0,0,0,0,0,0,0,0,0,0,0,0,0,0,0,0,0,0,0,0,0,0,0,0,0,0.72027972027972,0,0,0,0,0,0,0
"wascoCA_50km_shp","shp","rcp85","bcc-csm1-1-m",2050,"feb",0,0,0,0,0,0,0,0,0,0,0,0,0,0,0,0,0,0,0,0,0,0,0,0,0,0,0,0,0,0,0,0,0,0,0,0,0,0,0,0,0,0,0,0,0,0,0,0,0,0
"wascoCA_50km_shp","shp","rcp85","bcc-csm1-1-m",2050,"mar",0,0,0,0,0,0,0,0,0,0,0,0,0,0,0,0,0,0,0,0,0,0,0,0,0,0,0,0,0,0,0,0,0,0,0,0,0,0,0,0,0,0,0,0,0,0,0,0,0,0
"wascoCA_50km_shp","shp","rcp85","bcc-csm1-1-m",2050,"apr",0,0,0,0,0,0,0,0,0,0,0,0,0,0,0,0,0,0,0,0,0,0,0,0,0,0,0,0,0,0,0,0,0,0,0,0,0,0,0,0,0,0,0,0,0,0,0,0,0,0
"wascoCA_50km_shp","shp","rcp85","bcc-csm1-1-m",2050,"may",0,0,0,0,0,0,0,0,0,0,0,0,0,0,0,0,0,0,0,0,0,0,0,0,0,0,0,0,0,0,0,0,0,0,0,0,0,0,0,0,0,0,0,0,0,0,0,0,0,0
"wascoCA_50km_shp","shp","rcp85","bcc-csm1-1-m",2050,"jun",0,0,0,0,0,0,0,0,0,0,0,0,0,0,0,0,0,0,0,0,0,0,0,0,0,0,0,0,0,0,0,0,0,0,0,0,0,0,0,0,0,0,0,0,0,0,0,0,0,0
"wascoCA_50km_shp","shp","rcp85","bcc-csm1-1-m",2050,"jul",0,0,0,0,0,0,0,0,0,0,0,0,0,0,0,0,0,0,0,0,0,0,0,0,0,0,0,0,0,0,0,0,0,0,0,0,0,0,0,0,0,0,0,0,0,0,0,0,0,0
"wascoCA_50km_shp","shp","rcp85","bcc-csm1-1-m",2050,"aug",0,0,0,0,0,0,0,0,0,0,0,0,0,0,0,0,0,0,0,0,0,0,0,0,0,0,0,0,0,0,0,0,0,0,0,0,0,0,0,0,0,0,0,0,0,0,0,0,0,0
"wascoCA_50km_shp","shp","rcp85","bcc-csm1-1-m",2050,"sep",0,0,0,0,0,0,0,0,0,0,0,0,0,0,0,0,0,0,0,0,0,0,0,0,0,0,0,0,0,0,0,0,0,0,0,0,0,0,0,0,0,0,0,0,0,0,0,0,0,0
"wascoCA_50km_shp","shp","rcp85","bcc-csm1-1-m",2050,"oct",0,0,0,0,0,0,0,0,0,0,0,0,0,0,0,0,0,0,0,0,0,0,0,0,0,0,0,0,0,0,0,0,0,0,0,0,0,0,0,0,0,0,0,0,0,0,0,0,0,0
"wascoCA_50km_shp","shp","rcp85","bcc-csm1-1-m",2050,"nov",0,0,0,0,0,0,0,0,0,0,0,0,0,0,0,0,0,0,0,0,0,0,0,0,0,0,0,0,0,0,0,0,0,0,0,0,0,0,0,0,0,0,0,0,0,0,0,0,0,0
"wascoCA_50km_shp","shp","rcp85","bcc-csm1-1-m",2050,"dec",0,0,0,0,0,0,0,0,0,0,0,0,0.0909090909090909,0,0,0,0,0,0,0,0,0,0,0,0.013986013986014,0,0,0,0,0,0,0,0,0,0,0,0,0,0,0,0,0,0,0,0,0,0,0,0,0
"wascoCA_50km_shp","shp","rcp45","bcc-csm1-1",2050,"jan",0,0,0,0,0,0,0,0,0,0,0,0,0,0,0,0,0,0,0,0.013986013986014,0,0,0,0,0,0,0,0,0,0,0,0,0,0,0,0,0,0,0,0,0,0,0,0,0,0,0,0,0,0
"wascoCA_50km_shp","shp","rcp45","bcc-csm1-1",2050,"feb",0,0,0,0,0,0,0,0,0,0,0,0,0,0,0,0,0,0,0,0,0,0,0,0,0,0,0,0,0,0,0,0,0,0,0,0,0,0,0,0,0,0,0,0,0,0,0,0,0,0
"wascoCA_50km_shp","shp","rcp45","bcc-csm1-1",2050,"mar",0,0,0,0,0,0,0,0,0,0,0,0,0,0,0,0,0,0,0,0,0,0,0,0,0,0,0,0,0,0,0,0,0,0,0,0,0,0,0,0,0,0,0,0,0,0,0,0,0,0
"wascoCA_50km_shp","shp","rcp45","bcc-csm1-1",2050,"apr",0,0,0,0,0,0,0,0,0,0,0,0,0,0,0,0,0,0,0,0,0,0,0,0,0,0,0,0,0,0,0,0,0,0,0,0,0,0,0,0,0,0,0,0,0,0,0,0,0,0
"wascoCA_50km_shp","shp","rcp45","bcc-csm1-1",2050,"may",0,0,0,0,0,0,0,0,0,0,0,0,0,0,0,0,0,0,0,0,0,0,0,0,0,0,0,0,0,0,0,0,0,0,0,0,0,0,0,0,0,0,0,0,0,0,0,0,0,0
"wascoCA_50km_shp","shp","rcp45","bcc-csm1-1",2050,"jun",0,0,0,0,0,0,0,0,0,0,0,0,0,0,0,0,0,0,0,0,0,0,0,0,0,0,0,0,0,0,0,0,0,0,0,0,0,0,0,0,0,0,0,0,0,0,0,0,0,0
"wascoCA_50km_shp","shp","rcp45","bcc-csm1-1",2050,"jul",0,0,0,0,0,0,0,0,0,0,0,0,0,0,0,0,0,0,0,0,0,0,0,0,0,0,0,0,0,0,0,0,0,0,0,0,0,0,0,0,0,0,0,0,0,0,0,0,0,0
"wascoCA_50km_shp","shp","rcp45","bcc-csm1-1",2050,"aug",0,0,0,0,0,0,0,0,0,0,0,0,0,0,0,0,0,0,0,0,0,0,0,0,0,0,0,0,0,0,0,0,0,0,0,0,0,0,0,0,0,0,0,0,0,0,0,0,0,0
"wascoCA_50km_shp","shp","rcp45","bcc-csm1-1",2050,"sep",0,0,0,0,0,0,0,0,0,0,0,0,0,0,0,0,0,0,0,0,0,0,0,0,0,0,0,0,0,0,0,0,0,0,0,0,0,0,0,0,0,0,0,0,0,0,0,0,0,0
"wascoCA_50km_shp","shp","rcp45","bcc-csm1-1",2050,"oct",0,0,0,0,0,0,0,0,0,0,0,0,0,0,0,0,0,0,0,0,0,0,0,0,0,0,0,0,0,0,0,0,0,0,0,0,0,0,0,0,0,0,0,0,0,0,0,0,0,0
"wascoCA_50km_shp","shp","rcp45","bcc-csm1-1",2050,"nov",0,0,0,0,0,0,0,0,0,0,0,0,0,0,0,0,0,0,0,0,0,0,0,0,0,0,0,0,0,0,0,0,0,0,0,0,0,0,0,0,0,0,0,0,0,0,0,0,0,0
"wascoCA_50km_shp","shp","rcp45","bcc-csm1-1",2050,"dec",0,0,0,0,0,0,0,0,0,0,0,0,0,0,0,0,0,0,0,0,0,0,0,0,0,0,0,0,0,0,0,0,0,0,0,0,0,0,0,0,0,0,0,0,0,0,0,0,0,0
"wascoCA_50km_shp","shp","rcp85","bcc-csm1-1",2050,"jan",0,0,0,0,0,0,0,0,0,0,0,0,0,0.0629370629370629,0,0,0,0,0,0,0,0,0,0,0,0,0.867132867132867,0,0,0,0,0,0,0,0,0,0,0,0,0,0,0,0,0,0,0,0,0,0,0
"wascoCA_50km_shp","shp","rcp85","bcc-csm1-1",2050,"feb",0,0,0,0,0,0,0,0,0,0,0,0,0,0,0,0,0,0,0,0,0,0,0,0,0,0,0,0,0,0,0,0,0,0,0,0,0,0,0,0,0,0,0,0,0,0,0,0,0,0
"wascoCA_50km_shp","shp","rcp85","bcc-csm1-1",2050,"mar",0,0,0,0,0,0,0,0,0,0,0,0,0,0,0,0,0,0,0,0,0,0,0,0,0,0,0,0,0,0,0,0,0,0,0,0,0,0.685314685314685,0,0,0,0,0,0,0,0,0,0,0,0
"wascoCA_50km_shp","shp","rcp85","bcc-csm1-1",2050,"apr",0,0,0,0,0,0,0,0,0,0,0,0,0,0,0,0,0,0,0,0,0,0,0,0,0,0,0,0,0,0,0,0,0,0,0,0,0,0,0,0,0,0,0,0,0,0,0,0,0,0
"wascoCA_50km_shp","shp","rcp85","bcc-csm1-1",2050,"may",0,0,0,0,0,0,0,0,0,0,0,0,0,0,0,0,0,0,0,0,0,0,0,0,0,0,0,0,0,0,0,0,0,0,0,0,0,0,0,0,0,0,0,0,0,0,0,0,0,0
"wascoCA_50km_shp","shp","rcp85","bcc-csm1-1",2050,"jun",0,0,0,0,0,0,0,0,0,0,0,0,0,0,0,0,0,0,0,0,0,0,0,0,0,0,0,0,0,0,0,0,0,0,0,0,0,0,0,0,0,0,0,0,0,0,0,0,0,0
"wascoCA_50km_shp","shp","rcp85","bcc-csm1-1",2050,"jul",0,0,0,0,0,0,0,0,0,0,0,0,0,0,0,0,0,0,0,0,0,0,0,0,0,0,0,0,0,0,0,0,0,0,0,0,0,0,0,0,0,0,0,0,0,0,0,0,0,0
"wascoCA_50km_shp","shp","rcp85","bcc-csm1-1",2050,"aug",0,0,0,0,0,0,0,0,0,0,0,0,0,0,0,0,0,0,0,0,0,0,0,0,0,0,0,0,0,0,0,0,0,0,0,0,0,0,0,0,0,0,0,0,0,0,0,0,0,0
"wascoCA_50km_shp","shp","rcp85","bcc-csm1-1",2050,"sep",0,0,0,0,0,0,0,0,0,0,0,0,0,0,0,0,0,0,0,0,0,0,0,0,0,0,0,0,0,0,0,0,0,0,0,0,0,0,0,0,0.307692307692308,0,0,0,0,0,0,0,0,0
"wascoCA_50km_shp","shp","rcp85","bcc-csm1-1",2050,"oct",0,0,0,0,0,0,0,0,0,0,0,0,0,0,0,0,0,0,0,0,0,0,0,0,0,0,0,0,0,0,0,0,0,0,0,0,0,0,0,0,0,0,0,0,0,0,0,0,0,0
"wascoCA_50km_shp","shp","rcp85","bcc-csm1-1",2050,"nov",0,0,0,0,0,0,0,0,0,0,0,0,0,0,0,0,0,0,0,0,0,0,0,0,0,0,0,0,0,0,0,0,0,0,0,0,0,0,0,0,0,0,0,0,0,0,0,0,0,0
"wascoCA_50km_shp","shp","rcp85","bcc-csm1-1",2050,"dec",0,0,0,0,0,0,0,0,0,0,0,0,0.0559440559440559,0,0,0,0,0,0,0,0,0,0,0,0,0,0,0,0,0,0,0,0,0,0,0,0,0,0,0,0,0,0,0,0,0,0,0,0,NA
"wascoCA_50km_shp","shp","rcp45","inmcm4",2050,"jan",0,0,0,0,0.020979020979021,0,0,0,0,0,0,0,0,0,0,0,0,0,0,0,0,0,0,0,0,0,0,0,0,0,0,0,0,0,0,0,0,0,0,0,0,0,0,0,0,0,0,0,0,0
"wascoCA_50km_shp","shp","rcp45","inmcm4",2050,"feb",0,0,0,0,0,0,0,0,0,0,0,0,0,0,0,0,0,0,0,0,0,0,0,0,0,0,0,0,0,0,0,0,0,0,0,0,0,0,0,0,0,0,0,0,0,0,0,0,0,0
"wascoCA_50km_shp","shp","rcp45","inmcm4",2050,"mar",0,0,0,0,0,0,0,0,0,0,0,0,0,0,0,0,0,0,0,0,0,0,0,0,0,0,0,0,0,0,0,0,0,0,0,0,0,0,0,0,0,0,0,0,0,0,0,0,0,0
"wascoCA_50km_shp","shp","rcp45","inmcm4",2050,"apr",0,0,0,0,0,0,0,0,0,0,0,0,0,0,0,0,0,0,0,0,0,0,0,0,0,0,0,0,0,0,0,0,0,0,0,0,0,0,0,0,0,0,0,0,0,0,0,0,0,0
"wascoCA_50km_shp","shp","rcp45","inmcm4",2050,"may",0,0,0,0,0,0,0,0,0,0,0,0,0,0,0,0,0,0,0,0,0,0,0,0,0,0,0,0,0,0,0,0,0,0,0,0,0,0,0,0,0,0,0,0,0,0,0,0,0,0
"wascoCA_50km_shp","shp","rcp45","inmcm4",2050,"jun",0,0,0,0,0,0,0,0,0,0,0,0,0,0,0,0,0,0,0,0,0,0,0,0,0,0,0,0,0,0,0,0,0,0,0,0,0,0,0,0,0,0,0,0,0,0,0,0,0,0
"wascoCA_50km_shp","shp","rcp45","inmcm4",2050,"jul",0,0,0,0,0,0,0,0,0,0,0,0,0,0,0,0,0,0,0,0,0,0,0,0,0,0,0,0,0,0,0,0,0,0,0,0,0,0,0,0,0,0,0,0,0,0,0,0,0,0
"wascoCA_50km_shp","shp","rcp45","inmcm4",2050,"aug",0,0,0,0,0,0,0,0,0,0,0,0,0,0,0,0,0,0,0,0,0,0,0,0,0,0,0,0,0,0,0,0,0,0,0,0,0,0,0,0,0,0,0,0,0,0,0,0,0,0
"wascoCA_50km_shp","shp","rcp45","inmcm4",2050,"sep",0,0,0,0,0,0,0,0,0,0,0,0,0,0,0,0,0,0,0,0,0,0,0,0,0,0,0,0,0,0,0,0,0,0,0,0,0,0,0,0,0,0,0,0,0,0,0,0,0,0
"wascoCA_50km_shp","shp","rcp45","inmcm4",2050,"oct",0,0,0,0,0,0,0,0,0,0,0,0,0,0,0,0,0,0,0,0,0,0,0,0,0,0,0,0,0,0,0,0,0,0,0,0,0,0,0,0,0,0,0,0,0,0,0,0,0,0
"wascoCA_50km_shp","shp","rcp45","inmcm4",2050,"nov",0,0,0,0,0,0,0,0,0,0,0,0,0,0,0,0,0,0,0,0,0,0,0,0,0,0,0,0,0,0,0,0,0,0,0,0,0,0,0,0,0,0,0,0,0,0,0,0,0,0
"wascoCA_50km_shp","shp","rcp45","inmcm4",2050,"dec",0,0,0,0,0,0,0,0,0,0,0,0,0,0,0,0,0,0,0,0,0,0,0,0,0,0,0,0,0,0,0,0.020979020979021,0,0,0,0,0,0,0,0,0,0,0,0,0,0,0,0,0,0
"wascoCA_50km_shp","shp","rcp85","inmcm4",2050,"jan",0,0,0,0.104895104895105,0,0,0,0,0,0,0,0,0,0,0,0,0,0,0,0,0,0,0,0,0,0,0,0,0,0,0,0,0,0.013986013986014,0,0,0,0,0,0,0,0,0,0,0,0,0,0,0,0
"wascoCA_50km_shp","shp","rcp85","inmcm4",2050,"feb",0,0,0,0,0,0,0,0,0,0,0,0,0,0,0,0,0,0,0,0,0,0,0,0,0,0,0,0,0,0,0,0,0,0,0,0,0,0,0,0,0,0,0,0,0,0,0,0,0,0
"wascoCA_50km_shp","shp","rcp85","inmcm4",2050,"mar",0,0,0,0,0,0,0,0,0,0,0,0,0,0,0,0,0,0,0,0,0.314685314685315,0,0,0,0,0,0,0,0,0,0,0,0,0,0,0,0,0,0,0,0,0,0,0,0,0,0,0,0,0
"wascoCA_50km_shp","shp","rcp85","inmcm4",2050,"apr",0,0,0,0,0,0,0,0,0,0,0,0,0,0,0,0,0,0,0,0,0,0,0,0,0,0,0,0,0,0,0,0,0,0,0,0,0,0,0,0,0,0,0,0,0,0,0,0,0,0
"wascoCA_50km_shp","shp","rcp85","inmcm4",2050,"may",0,0,0,0,0,0,0,0,0,0,0,0,0,0,0,0,0,0,0,0,0,0,0,0,0,0,0,0,0,0,0,0,0,0,0,0,0,0,0,0,0,0,0,0,0,0,0,0,0,0
"wascoCA_50km_shp","shp","rcp85","inmcm4",2050,"jun",0,0,0,0,0,0,0,0,0,0,0,0,0,0,0,0,0,0,0,0,0,0,0,0,0,0,0,0,0,0,0,0,0,0,0,0,0,0,0,0,0,0,0,0,0,0,0,0,0,0
"wascoCA_50km_shp","shp","rcp85","inmcm4",2050,"jul",0,0,0,0,0,0,0,0,0,0,0,0,0,0,0,0,0,0,0,0,0,0,0,0,0,0,0,0,0,0,0,0,0,0,0,0,0,0,0,0,0,0,0,0,0,0,0,0,0,0
"wascoCA_50km_shp","shp","rcp85","inmcm4",2050,"aug",0,0,0,0,0,0,0,0,0,0,0,0,0,0,0,0,0,0,0,0,0,0,0,0,0,0,0,0,0,0,0,0,0,0,0,0,0,0,0,0,0,0,0,0,0,0,0,0,0,0
"wascoCA_50km_shp","shp","rcp85","inmcm4",2050,"sep",0,0,0,0,0,0,0,0,0,0,0,0,0,0,0,0,0,0,0,0,0,0,0,0,0,0,0,0,0,0,0,0,0,0,0,0,0,0,0,0,0,0,0,0,0,0,0,0,0,0
"wascoCA_50km_shp","shp","rcp85","inmcm4",2050,"oct",0,0,0,0,0,0,0,0,0,0,0,0,0,0,0,0,0,0,0,0,0,0,0,0,0,0,0,0,0,0,0,0,0,0,0,0,0,0,0,0,0,0,0,0,0,0,0,0,0,0
"wascoCA_50km_shp","shp","rcp85","inmcm4",2050,"nov",0,0,0,0,0,0,0,0,0,0,0,0,0,0,0,0,0,0,0,0,0,0,0,0,0,0,0,0,0,0,0,0,0,0,0,0,0,0,0,0,0,0,0,0,0,0,0,0,0,0
"wascoCA_50km_shp","shp","rcp85","inmcm4",2050,"dec",0,0,0,0,0,0,0,0,0,0,0,0,0,0,0,0,0,0,0,0,0,0,0,0,0,0,0,0,0,0,0,0,0,0,0,0,0,0,0,0,0,0,0,0,0,0,0,0,0,0
