,block,general,primary cycle codes
1,Area_Freq,good as is,good as is
2,Area_Freq,,no comment
3,Area_Freq,,no comment
4,Area_Freq,,no comment
5,Area_Freq,,no comment
6,Area_Freq,No,no comment
7,Area_Freq,None,no comment
8,Area_Freq,N/A,no comment
9,Area_Freq,0,no comment
10,Area_Freq,None,no comment
11,Area_Freq,No,no comment
12,Area_Freq,Nothing at this time ,no comment
13,Area_Freq,I do not have any,no comment
14,Area_Freq,N/a,no comment
15,Area_Freq,The survey was very interesting.,good survey
16,Area_Freq,,no comment
17,Area_Freq,No comment ,no comment
18,Area_Freq,None,no comment
19,Area_Freq,Survey ,no comment
20,Area_Freq,,no comment
21,Area_Freq,,no comment
22,Area_Freq,That was very cool. Thank You,good survey
23,Area_Freq,None.,no comment
24,Area_Freq,fast and interest survey,good survey
25,Area_Freq,,no comment
26,Area_Freq,N/a,no comment
27,Area_Freq,,no comment
28,Area_Freq,,no comment
29,Area_Freq,,no comment
30,Area_Freq,,no comment
31,Area_Freq,,no comment
32,Area_Freq,,no comment
33,Area_Freq,Don't Have Any ,no comment
34,Area_Freq,I would explain what the dots represent.,define terminology
35,Area_Freq,You can't the numbers speak for themselves,no comment
36,Area_Freq,,no comment
37,Area_Freq,thanks for allowing me to share my opinion in this research,thank you
38,Area_Freq,,no comment
39,Area_Freq,,no comment
40,Area_Freq,No additional comments,no comment
41,Area_Freq,,no comment
42,Area_Freq,,no comment
43,Area_Freq,,no comment
44,Area_Freq,Thank you.,thank you
45,Area_Freq,,no comment
46,Area_Freq,,no comment
47,Area_Freq,,no comment
48,Area_Freq,The survey was great ,good survey
49,Area_Freq,none,no comment
50,Area_Freq,,no comment
51,Area_Freq,,no comment
52,Area_Freq,,no comment
53,Area_Freq,The graph was okay but needs more labels ,add more/ clearer labels
54,Area_Freq,,no comment
55,Area_Freq,,no comment
56,Area_Freq,,no comment
57,Area_Freq,,no comment
58,Area_Freq,,no comment
59,Area_Freq,,no comment
60,Area_Freq,,no comment
61,Area_Freq,,no comment
62,Area_Freq,none,no comment
63,Area_Freq,,no comment
64,Area_Freq,none,no comment
65,Area_Freq,make them easier to read,make easier to read
66,Area_Freq,,no comment
67,Area_Freq,,no comment
68,Area_Freq,,no comment
69,Area_Freq,,no comment
70,Area_Freq,,no comment
71,Area_Freq,,no comment
72,Area_Freq,,no comment
73,Area_Freq,,no comment
74,Area_Freq,,no comment
75,Area_Freq,,no comment
76,Area_Freq,,no comment
77,Area_Freq,,no comment
78,Area_Freq,,no comment
79,Area_Freq,,no comment
80,Area_Freq,To me the 2nd graph was somewhat easier to understand than the first.,intensity graph easier to read
81,Area_Freq,,no comment
82,Area_Freq,,no comment
83,Area_Freq,Make them easier to understand ,make easier to understand
84,Area_Freq,,no comment
85,Area_Freq,,no comment
86,Area_Freq,,no comment
87,Area_Freq,,no comment
88,Area_Freq,,no comment
89,Area_Freq,Don't like graphs,I don't like the graphs
90,Area_Freq,none,no comment
91,Area_Freq,I liked it,good survey
92,Area_Freq,Fun study ,good survey
93,Area_Freq,,no comment
94,Area_Freq,differentiate colors more,differentiate colors more
95,Area_Freq,,no comment
96,Area_Freq,,no comment
97,Area_Freq,,no comment
98,Area_Freq,,no comment
99,Area_Freq,,no comment
100,Area_Freq,,no comment
101,Area_Freq,,no comment
102,Area_Freq,I was confused by the peaks.,peaks are confusing
103,Area_Freq,,no comment
104,Area_Freq,"I found this to be very interesting, and I only wish I understood the graph a lot more.  ",make easier to understand
105,Area_Freq,,no comment
106,Area_Freq,,no comment
107,Area_Freq,,no comment
108,Area_Freq,Reading and seeing everything new and modern in this fun field,good survey
109,Area_Freq,,no comment
110,Area_Freq,,no comment
111,Area_Freq,,no comment
112,Area_Freq,,no comment
113,Area_Freq,,no comment
114,Area_Freq,,no comment
115,Area_Freq,,no comment
116,Area_Freq,,no comment
117,Area_Freq,None,no comment
118,Area_Freq,,no comment
119,Area_Freq,,no comment
120,Area_Freq,,no comment
121,Area_Freq,Tired of being homeless ,?
122,Area_Freq,,no comment
123,Area_Freq,,no comment
124,Area_Freq,I don’t have any at this time.,no comment
125,Area_Freq,,no comment
126,Area_Freq,,no comment
127,Area_Freq,No comment ,no comment
128,Area_Freq,,no comment
129,Area_Freq,No this is good.from a fellow Penn State grad.,good as is
130,Area_Freq,,no comment
131,Area_Freq,I enjoyed the survey it was informative and it made me want to go back to school and further my education ,inspirational
132,Area_Freq,,no comment
133,Area_Freq,,no comment
134,Area_Freq,,no comment
135,Area_Freq,Tough ,too technical/ tough
136,Area_Freq,,no comment
137,Area_Freq,,no comment
138,Area_Freq,⭐️⭐️⭐️⭐️⭐️,good as is
139,Area_Freq,,no comment
140,Area_Freq,,no comment
141,Area_Freq,,no comment
142,Area_Freq,None,no comment
143,Area_Freq,,no comment
144,Area_Freq,,no comment
145,Area_Freq,it was very improve graphs,improvement needed
146,Area_Freq,,no comment
147,Area_Freq,,no comment
148,Area_Freq,,no comment
149,Area_Freq,Everything was pretty good understandable,good as is
150,Area_Freq,It was hard to discern answers from those graphs. ,make easier to read
151,Area_Freq,,no comment
152,Area_Freq,Nothing,no comment
153,Area_Freq,This was a necessary survey on the public can assess why human involvement is real in modifying climate change measures.,good survey
154,Area_Freq,Excellent job on the ,thank you
155,Area_Freq,This Graps all ready very good,good as is
156,Area_Freq,,no comment
157,Area_Freq,Awesome ,good survey
158,Area_Freq,,no comment
159,Area_Freq,None,no comment
160,Area_Freq,,no comment
161,Area_Freq,N/a,no comment
162,Area_Freq,,no comment
163,Area_Freq,,no comment
164,Area_Freq,,no comment
165,Area_Freq,,no comment
166,Area_Freq,,no comment
167,Area_Freq,,no comment
168,Area_Freq,your graphs are awful.,improvement needed
169,Area_Freq,More numbers ,add more numbers
170,Area_Freq,,no comment
171,Area_Freq,,no comment
172,Area_Freq,,no comment
173,Area_Freq,,no comment
174,Area_Freq,,no comment
175,Area_Freq,,no comment
176,Area_Freq,The climate changes should varies into different nature of the study ,climate change
177,Area_Freq,,no comment
178,Area_Freq,,no comment
179,Area_Freq,34,no comment
180,Area_Freq,,no comment
181,Area_Freq,,no comment
182,Area_Freq,,no comment
183,Area_Freq,,no comment
184,Area_Freq,No comment ,no comment
185,Area_Freq,,no comment
186,Area_Freq,,no comment
187,Area_Freq,,no comment
188,Area_Freq,,no comment
189,Area_Freq,,no comment
190,Area_Freq,,no comment
191,Area_Freq,,no comment
192,Area_Freq,None,no comment
193,Area_Freq,,no comment
194,Area_Freq,,no comment
195,Area_Freq,,no comment
196,Area_Freq,,no comment
197,Area_Freq,,no comment
198,Area_Freq,,no comment
199,Area_Int,,no comment
200,Area_Int,,no comment
201,Area_Int,,no comment
202,Area_Int,,no comment
203,Area_Int,none,no comment
204,Area_Int,,no comment
205,Area_Int,none ,no comment
206,Area_Int,I don’t have any comments,no comment
207,Area_Int,None ,no comment
208,Area_Int,Thank you!,thank you
209,Area_Int,It was definitely interesting ,good survey
210,Area_Int,make them simplier,make simpler
211,Area_Int,made me use my brain a little more,thought provoking
212,Area_Int,none,no comment
213,Area_Int,It was great and easy to read,good as is
214,Area_Int,,no comment
215,Area_Int,,no comment
216,Area_Int,,no comment
217,Area_Int,,no comment
218,Area_Int,,no comment
219,Area_Int,,no comment
220,Area_Int,,no comment
221,Area_Int,,no comment
222,Area_Int,,no comment
223,Area_Int,Please make the graphs a little more understandable ,make easier to understand
224,Area_Int,,no comment
225,Area_Int,,no comment
226,Area_Int,,no comment
227,Area_Int,,no comment
228,Area_Int,Make bigger so you can see better maybe bar graphs.,make larger
229,Area_Int,A little more information with persuasive ,add explanation
230,Area_Int,Make it simpler ,make simpler
231,Area_Int,,no comment
232,Area_Int,,no comment
233,Area_Int,,no comment
234,Area_Int,I learned something new.,I learned something
235,Area_Int,,no comment
236,Area_Int,,no comment
237,Area_Int,,no comment
238,Area_Int,,no comment
239,Area_Int,make them less confusing and easily understandable,make easier to understand
240,Area_Int,,no comment
241,Area_Int,,no comment
242,Area_Int,,no comment
243,Area_Int,,no comment
244,Area_Int,,no comment
245,Area_Int,No,no comment
246,Area_Int,,no comment
247,Area_Int,,no comment
248,Area_Int,,no comment
249,Area_Int,,no comment
250,Area_Int,,no comment
251,Area_Int,,no comment
252,Area_Int,,no comment
253,Area_Int,I would need to know a great deal more about the imputed stats and how they were arrived at to guess further,methods/ data sources wanted
254,Area_Int,,no comment
255,Area_Int,,no comment
256,Area_Int,None,no comment
257,Area_Int,,no comment
258,Area_Int,,no comment
259,Area_Int,bigger print,larger font
260,Area_Int,,no comment
261,Area_Int,,no comment
262,Area_Int,none,no comment
263,Area_Int,Nothing comes to mind ,no comment
264,Area_Int,None,no comment
265,Area_Int,It was interesting ,good survey
266,Area_Int,Nothing ,no comment
267,Area_Int,,no comment
268,Area_Int,,no comment
269,Area_Int,,no comment
270,Area_Int,,no comment
271,Area_Int,,no comment
272,Area_Int,,no comment
273,Area_Int,,no comment
274,Area_Int,like it little hard ,too technical/ tough
275,Area_Int,,no comment
276,Area_Int,,no comment
277,Area_Int,,no comment
278,Area_Int,They could be slightly easier to interpret,make easier to understand
279,Area_Int,,no comment
280,Area_Int,,no comment
281,Area_Int,,no comment
282,Area_Int,make easier to read,make easier to read
283,Area_Int,,no comment
284,Area_Int,,no comment
285,Area_Int,,no comment
286,Area_Int,,no comment
287,Area_Int,I would have a walk through question and answer to demonstrate how the graphs are used,add demo example
288,Area_Int,,no comment
289,Area_Int,,no comment
290,Area_Int,none,no comment
291,Area_Int,,no comment
292,Area_Int,,no comment
293,Area_Int,,no comment
294,Area_Int,,no comment
295,Area_Int,,no comment
296,Area_Int,,no comment
297,Area_Int,Fun survey ,good survey
298,Area_Int,,no comment
299,Area_Int,,no comment
300,Area_Int,,no comment
301,Area_Int,,no comment
302,Area_Int,,no comment
303,Area_Int,,no comment
304,Area_Int,,no comment
305,Area_Int,No comment,no comment
306,Area_Int,,no comment
307,Area_Int,,no comment
308,Area_Int,,no comment
309,Area_Int,,no comment
310,Area_Int,,no comment
311,Area_Int,,no comment
312,Area_Int,,no comment
313,Area_Int,,no comment
314,Area_Int,,no comment
315,Area_Int,,no comment
316,Area_Int,,no comment
317,Area_Int,,no comment
318,Area_Int,no think,no comment
319,Area_Int,The question is very impressive I love it.,good survey
320,Area_Int,,no comment
321,Area_Int,,no comment
322,Area_Int,,no comment
323,Area_Int,Liking the image ,good as is
324,Area_Int,,no comment
325,Area_Int,,no comment
326,Area_Int,I don’t like it it doesn’t help me at all,I don't like the graphs
327,Area_Int,,no comment
328,Area_Int,,no comment
329,Area_Int,,no comment
330,Area_Int,,no comment
331,Area_Int,,no comment
332,Area_Int,,no comment
333,Area_Int,Make it more different.,improvement needed
334,Area_Int,,no comment
335,Area_Int,,no comment
336,Area_Int,,no comment
337,Area_Int,I loved it,good survey
338,Area_Int,,no comment
339,Area_Int,None,no comment
340,Area_Int,I think by adding more info to help easy the understanding like adding description to refer each phase ,define terminology
341,Area_Int,,no comment
342,Area_Int,,no comment
343,Area_Int,,no comment
344,Area_Int,,no comment
345,Area_Int,,no comment
346,Area_Int,N/A,no comment
347,Area_Int,Everything was ok with me.,good as is
348,Area_Int,,no comment
349,Area_Int,,no comment
350,Area_Int,,no comment
351,Area_Int,,no comment
352,Area_Int,,no comment
353,Area_Int,,no comment
354,Area_Int,Less complexity please,make simpler
355,Area_Int,,no comment
356,Area_Int,Good one,good as is
357,Area_Int,,no comment
358,Area_Int,,no comment
359,Area_Int,,no comment
360,Area_Int,,no comment
361,Area_Int,,no comment
362,Area_Int,,no comment
363,Area_Int,The graphs didn't make sense,make easier to understand
364,Area_Int,,no comment
365,Area_Int,No,no comment
366,Area_Int,No,no comment
367,Area_Int,,no comment
368,Area_Int,Nothing ,no comment
369,Area_Int,Make them easier to interpret. ,make easier to understand
370,Area_Int,Interesting,good survey
371,Area_Int,,no comment
372,Area_Int,,no comment
373,Area_Int,,no comment
374,Area_Int,Progress bar please,add progress bar
375,Area_Int,,no comment
376,Area_Int,Nice ,good as is
377,Area_Int,,no comment
378,Area_Int,,no comment
379,Area_Int,,no comment
380,Area_Int,None,no comment
381,Area_Int,They are already fresh,good as is
382,Area_Int,make it more easier to understand ,make easier to understand
383,Area_Int,no think you,no comment
384,Area_Int,Na,no comment
385,Area_Int,,no comment
386,Area_Int,,no comment
387,Area_Int,,no comment
388,Area_Int,,no comment
389,Area_Int,,no comment
390,Area_Int,Nice survey ,good survey
391,Area_Int,,no comment
392,Area_Int,,no comment
393,Area_Int,,no comment
394,Area_Int,,no comment
395,Area_Int,Its fine,good as is
396,Area_Int,,no comment
397,Bar_freq,,no comment
398,Bar_freq,,no comment
399,Bar_freq,,no comment
400,Bar_freq,,no comment
401,Bar_freq,,no comment
402,Bar_freq,There was too much explanation at the begining which I did not understand.  Then the questions that followed were even harder to understand.  emissions vs rainfall had me confused.,make easier to understand
403,Bar_freq,,no comment
404,Bar_freq,,no comment
405,Bar_freq,,no comment
406,Bar_freq,None,no comment
407,Bar_freq,None ,no comment
408,Bar_freq,None,no comment
409,Bar_freq,None,no comment
410,Bar_freq,Do not manipulate to support propaganda by those paying for climate studies ,global warming is a hoax
411,Bar_freq,,no comment
412,Bar_freq,,no comment
413,Bar_freq,Thank you so much for making my opinion matter on this topic. I am so very grateful and appreciate the opportunity. Have a blessed and elegant day! Namaste,thank you
414,Bar_freq,,no comment
415,Bar_freq,maybe add more color,add more colors
416,Bar_freq,,no comment
417,Bar_freq,,no comment
418,Bar_freq,Great survey ,good survey
419,Bar_freq,,no comment
420,Bar_freq,,no comment
421,Bar_freq,,no comment
422,Bar_freq,No ,no comment
423,Bar_freq,,no comment
424,Bar_freq,,no comment
425,Bar_freq,N/A,no comment
426,Bar_freq,,no comment
427,Bar_freq,DONT'K NOW BUT ASSUME THEY ARE GREAT,good as is
428,Bar_freq,,no comment
429,Bar_freq,,no comment
430,Bar_freq,,no comment
431,Bar_freq,Thank you for the survey!,thank you
432,Bar_freq,,no comment
433,Bar_freq,none,no comment
434,Bar_freq,none,no comment
435,Bar_freq,Thought provoking,thought provoking
436,Bar_freq,,no comment
437,Bar_freq,,no comment
438,Bar_freq,,no comment
439,Bar_freq,,no comment
440,Bar_freq,Nothing I can think of ,no comment
441,Bar_freq,,no comment
442,Bar_freq,,no comment
443,Bar_freq,"IF, AND IT IS A BIG IF, THE CLIMATE IS ACTUALLY CHANGING, THERE IS NOTHING ANY AMOUNT OF MONEY OR CHANGES MADE BY HUMANS WILL HAVE ANY EFFECT ON IT....THE EARTHS CLIMATE IS CONTROLLED BY OUR SUN, ...AND WILL ALWAYS BE CONTROLLED BY OUR SUN, UNTIL IN MILLIONS OR BILLIONS OF YEARS FROM NOW THE SUN BURNS OUT....NOTHING ELSE CONTROLS OUR CLIMATE LIKE THE SUN DOES AND WILL CONTINRUE TO DO...",global warming is a hoax
444,Bar_freq,,no comment
445,Bar_freq,,no comment
446,Bar_freq,,no comment
447,Bar_freq,,no comment
448,Bar_freq,,no comment
449,Bar_freq,,no comment
450,Bar_freq,,no comment
451,Bar_freq,,no comment
452,Bar_freq,I wasn't clear on the probabilities. ,define terminology
453,Bar_freq,confusing wording and not enough preface about our confidnece in graph interpertations,define terminology
454,Bar_freq,none,no comment
455,Bar_freq,Don't use hindcast words & use better percentage diagrams,define terminology
456,Bar_freq,,no comment
457,Bar_freq,too long,survey too long
458,Bar_freq,,no comment
459,Bar_freq,,no comment
460,Bar_freq,I think the graphs should cover a longer period of time. Look at least a century.,cover longer time period
461,Bar_freq,"It was different, but I liked it ",no comment
462,Bar_freq,,no comment
463,Bar_freq,,no comment
464,Bar_freq,,no comment
465,Bar_freq,,no comment
466,Bar_freq,,no comment
467,Bar_freq,None,no comment
468,Bar_freq,,no comment
469,Bar_freq,,no comment
470,Bar_freq,,no comment
471,Bar_freq,,no comment
472,Bar_freq,Interesting study ,good survey
473,Bar_freq,,no comment
474,Bar_freq,An example explanation of one of the scenarios means and show the results of one of the question blocks presented,add demo example
475,Bar_freq,,no comment
476,Bar_freq,,no comment
477,Bar_freq,,no comment
478,Bar_freq,,no comment
479,Bar_freq,,no comment
480,Bar_freq,None ,no comment
481,Bar_freq,"There are two countries responsible for ~80% of harmful emmisions.  China and India.  The United States is a MINOR participant to climate change...in fact, Europe contributes more.  So we can get on the bandwagon and screw our economy and uproot people and cause more and more polarity to do nothing.   Fix the international scene...stop wasting time here doing things that mean nothing but harm ",global warming is a hoax
482,Bar_freq,,no comment
483,Bar_freq,,no comment
484,Bar_freq,,no comment
485,Bar_freq,,no comment
486,Bar_freq,,no comment
487,Bar_freq,,no comment
488,Bar_freq,,no comment
489,Bar_freq,,no comment
490,Bar_freq,,no comment
491,Bar_freq,,no comment
492,Bar_freq,,no comment
493,Bar_freq,,no comment
494,Bar_freq,,no comment
495,Bar_freq,,no comment
496,Bar_freq,,no comment
497,Bar_freq,Climate,climate change
498,Bar_freq,This was an interesting survey,good survey
499,Bar_freq,,no comment
500,Bar_freq,,no comment
501,Bar_freq,,no comment
502,Bar_freq,,no comment
503,Bar_freq,None,no comment
504,Bar_freq,,no comment
505,Bar_freq,,no comment
506,Bar_freq,No it was put together nicely thank you ,thank you
507,Bar_freq,Make them more knowledgeable and understanding for the people who really don't have any understanding about grass scenarios,make easier to understand
508,Bar_freq,Nothing but great survey penn state,good survey
509,Bar_freq,Nice,good survey
510,Bar_freq,,no comment
511,Bar_freq,I think the historical grey section was a little hard to understand.,define terminology
512,Bar_freq,,no comment
513,Bar_freq,,no comment
514,Bar_freq,,no comment
515,Bar_freq,,no comment
516,Bar_freq,Bigger print on survey,larger font
517,Bar_freq,,no comment
518,Bar_freq,,no comment
519,Bar_freq,,no comment
520,Bar_freq,"i think the graph was fine, im sure i misread it though",good as is
521,Bar_freq,,no comment
522,Bar_freq,,no comment
523,Bar_freq,,no comment
524,Bar_freq,,no comment
525,Bar_freq,The graph help in showing the amount of rainfall and historical ,good as is
526,Bar_freq,The graph could be bigger ,make larger
527,Bar_freq,,no comment
528,Bar_freq,,no comment
529,Bar_freq,,no comment
530,Bar_freq,Need to explain them better ,improve explanations
531,Bar_freq,,no comment
532,Bar_freq,I support this kind of market research activity.,good survey
533,Bar_freq,,no comment
534,Bar_freq,,no comment
535,Bar_freq,,no comment
536,Bar_freq,,no comment
537,Bar_freq,,no comment
538,Bar_freq,,no comment
539,Bar_freq,2900,no comment
540,Bar_freq,,no comment
541,Bar_freq,,no comment
542,Bar_freq,Great Survey!,good survey
543,Bar_freq,,no comment
544,Bar_freq,,no comment
545,Bar_freq,,no comment
546,Bar_freq,I learned a lot ,I learned something
547,Bar_freq,,no comment
548,Bar_freq,the graph is vary helpful us,the graph was helpful
549,Bar_freq,Great survey ,good survey
550,Bar_freq,,no comment
551,Bar_freq,,no comment
552,Bar_freq,,no comment
553,Bar_freq,,no comment
554,Bar_freq,,no comment
555,Bar_freq,,no comment
556,Bar_freq,,no comment
557,Bar_freq,,no comment
558,Bar_freq,,no comment
559,Bar_freq,,no comment
560,Bar_freq,,no comment
561,Bar_freq,,no comment
562,Bar_freq,,no comment
563,Bar_freq,The graphs are pretty hard to understand. It needs to be more simple and earlier to understand,make simpler
564,Bar_freq,,no comment
565,Bar_freq,All of it,improvement needed
566,Bar_freq,,no comment
567,Bar_freq,Technical,too technical/ tough
568,Bar_freq,,no comment
569,Bar_freq,,no comment
570,Bar_freq,,no comment
571,Bar_freq,,no comment
572,Bar_freq,,no comment
573,Bar_freq,,no comment
574,Bar_freq,no,no comment
575,Bar_freq,,no comment
576,Bar_freq,None I think it’s very easy to understand ,good as is
577,Bar_freq,it needs work,improvement needed
578,Bar_freq,,no comment
579,Bar_freq,,no comment
580,Bar_freq,,no comment
581,Bar_freq,,no comment
582,Bar_freq,great survey,good survey
583,Bar_freq,,no comment
584,Bar_freq,,no comment
585,Bar_freq,,no comment
586,Bar_freq,,no comment
587,Bar_freq,,no comment
588,Bar_freq,,no comment
589,Bar_freq,,no comment
590,Bar_freq,Good ,good as is
591,Bar_freq,,no comment
592,Bar_freq,,no comment
593,Bar_freq,,no comment
594,Bar_int,,no comment
595,Bar_int,,no comment
596,Bar_int,,no comment
597,Bar_int,,no comment
598,Bar_int,The graphics were fairly understandable. ,good as is
599,Bar_int,,no comment
600,Bar_int,Nothing,no comment
601,Bar_int,It was informative ,informative
602,Bar_int,To make grapes easy to read,make easier to read
603,Bar_int,,no comment
604,Bar_int,,no comment
605,Bar_int,I enjoyed this survey,good survey
606,Bar_int,Very interesting,good survey
607,Bar_int,,no comment
608,Bar_int,,no comment
609,Bar_int,Be specific ,make simpler
610,Bar_int,Having a.percentage graph as well would make them easier to interpret ,use different graph type
611,Bar_int,,no comment
612,Bar_int,Good luck with your study ,no comment
613,Bar_int,,no comment
614,Bar_int,,no comment
615,Bar_int,,no comment
616,Bar_int,,no comment
617,Bar_int,,no comment
618,Bar_int,,no comment
619,Bar_int,Make the print larger,larger font
620,Bar_int,,no comment
621,Bar_int,,no comment
622,Bar_int,,no comment
623,Bar_int,,no comment
624,Bar_int,,no comment
625,Bar_int,,no comment
626,Bar_int,None ,no comment
627,Bar_int,,no comment
628,Bar_int,None,no comment
629,Bar_int,,no comment
630,Bar_int,,no comment
631,Bar_int,BETTER GRAPHICS,improvement needed
632,Bar_int,,no comment
633,Bar_int,,no comment
634,Bar_int,,no comment
635,Bar_int,none. The font size was good and the explanations on the graphs was good.,good as is
636,Bar_int,,no comment
637,Bar_int,Scatter diagrams would also help,use different graph type
638,Bar_int,,no comment
639,Bar_int,All good.,good as is
640,Bar_int,,no comment
641,Bar_int,,no comment
642,Bar_int,,no comment
643,Bar_int,,no comment
644,Bar_int,None ,no comment
645,Bar_int,The colors were confusing - lots of mention of red but there was no red? Also I think people should be discouraged from taking it on their phones - I would have understood more if I didn’t have to scroll back and forth between the graph and the questions. ,inconsistent colors (red vs pink)
646,Bar_int,,no comment
647,Bar_int,hard to follow,too technical/ tough
648,Bar_int,Wish i could go back but was somewhat confused by i think higher rainfall for low emissions at the start of surveyin some ,why is low emission rainfall higher?
649,Bar_int,,no comment
650,Bar_int,Have no ideas,no comment
651,Bar_int,,no comment
652,Bar_int,,no comment
653,Bar_int,,no comment
654,Bar_int,does not contain enough inforamtion,more information wanted
655,Bar_int,seems like there are opportunities for improvement,improvement needed
656,Bar_int,none,no comment
657,Bar_int,thanks,thank you
658,Bar_int,,no comment
659,Bar_int,,no comment
660,Bar_int,,no comment
661,Bar_int,,no comment
662,Bar_int,"Consider adding labels, titles, and clearer axis descriptions for better understanding. Ensure consistency in colors and use appropriate graph types.",add more/ clearer labels
663,Bar_int,Good survey I hope I passed,good survey
664,Bar_int,"Climate is also an emotional issue.  I have been doing research on this and there are a lot of varying opinions and science.  I cannot trust the media to report  in an unbiased fashion, so I have to look for my proof elsewhere. I cannot trust my politicians (left or right) to tell me the truth, so again I have to look elsewhere.  I have talk to climate scientists at the college where I live and online with some Zoom presentations.  It is all very confusing and very much a wait and see situation.  THanks for this survery. It has shown me a different idea.",thank you
665,Bar_int,graphs were okay,good as is
666,Bar_int,,no comment
667,Bar_int,,no comment
668,Bar_int,,no comment
669,Bar_int,Add line graphs,use different graph type
670,Bar_int,,no comment
671,Bar_int,,no comment
672,Bar_int,,no comment
673,Bar_int,I enjoyed this survey ,good survey
674,Bar_int,,no comment
675,Bar_int,,no comment
676,Bar_int,,no comment
677,Bar_int,,no comment
678,Bar_int,,no comment
679,Bar_int,none-good job,good as is
680,Bar_int,,no comment
681,Bar_int,,no comment
682,Bar_int,larger size,make larger
683,Bar_int,,no comment
684,Bar_int,,no comment
685,Bar_int,,no comment
686,Bar_int,,no comment
687,Bar_int,,no comment
688,Bar_int,,no comment
689,Bar_int,The graphs should have a paragraph telling what it means,add explanation
690,Bar_int,Maybe easier instructions to follow ,improve explanations
691,Bar_int,,no comment
692,Bar_int,,no comment
693,Bar_int,,no comment
694,Bar_int,,no comment
695,Bar_int,This was a nice survey to take.,good survey
696,Bar_int,No,no comment
697,Bar_int,,no comment
698,Bar_int,,no comment
699,Bar_int,None,no comment
700,Bar_int,,no comment
701,Bar_int,Thanks it was interesting ,good survey
702,Bar_int,None,no comment
703,Bar_int,,no comment
704,Bar_int,Good,good as is
705,Bar_int,,no comment
706,Bar_int,,no comment
707,Bar_int,,no comment
708,Bar_int,None ty,thank you
709,Bar_int,,no comment
710,Bar_int,Excellent survey. Thank you!,good survey
711,Bar_int,,no comment
712,Bar_int,Great,good as is
713,Bar_int,,no comment
714,Bar_int,,no comment
715,Bar_int,,no comment
716,Bar_int,,no comment
717,Bar_int,None ,no comment
718,Bar_int,,no comment
719,Bar_int,,no comment
720,Bar_int,,no comment
721,Bar_int,,no comment
722,Bar_int,,no comment
723,Bar_int,,no comment
724,Bar_int,,no comment
725,Bar_int,,no comment
726,Bar_int,na,no comment
727,Bar_int,,no comment
728,Bar_int,,no comment
729,Bar_int,This survey on graphs and weather has really opened my eyes,thought provoking
730,Bar_int,,no comment
731,Bar_int,Thank you.,thank you
732,Bar_int,,no comment
733,Bar_int,Keep using graphs good way to show increases.,good as is
734,Bar_int,Excellent survey ,good survey
735,Bar_int,bigger ,make larger
736,Bar_int,,no comment
737,Bar_int,,no comment
738,Bar_int,,no comment
739,Bar_int,"It was an amaazing and very familiar and very helpful survey,I like a lot of this survey and it is very likeable survey.",good survey
740,Bar_int,,no comment
741,Bar_int,Thankyou for the opportunity at this amazing survey about climate change! Had a blast!,good survey
742,Bar_int,,no comment
743,Bar_int,I love this,good survey
744,Bar_int,None ,no comment
745,Bar_int,,no comment
746,Bar_int,make the titles larger,larger font
747,Bar_int,,no comment
748,Bar_int,,no comment
749,Bar_int,"if meant to introduce the general public to climate change, statistics regarding rainfall, precautions we can take to the home, or a mixture of all the above, the x and y axis could include brief phrases varied reading levels could identify with",define terminology
750,Bar_int,,no comment
751,Bar_int,,no comment
752,Bar_int,Can make it more simple,make simpler
753,Bar_int,,no comment
754,Bar_int,What are the numbers,what are the numbers?
755,Bar_int,,no comment
756,Bar_int,Good survey ,good survey
757,Bar_int,,no comment
758,Bar_int,,no comment
759,Bar_int,,no comment
760,Bar_int,Everything was fine,good as is
761,Bar_int,,no comment
762,Bar_int,,no comment
763,Bar_int,,no comment
764,Bar_int,,no comment
765,Bar_int,,no comment
766,Bar_int,,no comment
767,Bar_int,No,no comment
768,Bar_int,I am very interested in this opportunity survey ,good survey
769,Bar_int,None! ,no comment
770,Bar_int,,no comment
771,Bar_int,none,no comment
772,Bar_int,,no comment
773,Bar_int,,no comment
774,Bar_int,,no comment
775,Bar_int,,no comment
776,Bar_int,More explanations ,add explanation
777,Bar_int,,no comment
778,Bar_int,They were perfect ,good as is
779,Bar_int,,no comment
780,Bar_int,,no comment
781,Bar_int,This was a great survey/study. Actually got to use my brain which was nice ,thought provoking
782,Bar_int,,no comment
783,Bar_int,,no comment
784,Bar_int,,no comment
785,Bar_int,,no comment
786,Bar_int,"Add additional percent values along the vertical axis, and not in thirds, perhaps by twos.",add percentages
787,Bar_int,,no comment
788,Bar_int,,no comment
789,Bar_int,,no comment
790,Box_freq,They were great,good as is
791,Box_freq,,no comment
792,Box_freq,,no comment
793,Box_freq,,no comment
794,Box_freq,,no comment
795,Box_freq,I don't understand how you can have descriptions of the vertical axis on both the left and the right hand side.  That was extremely confusing.,two vertical axes are confusing
796,Box_freq,None,no comment
797,Box_freq,Make it easier to understad for regular people. ,make easier to understand
798,Box_freq,Put more color and make the graphs bigger ,make larger
799,Box_freq,Good information ,informative
800,Box_freq,Need this graph should be shortened,make simpler
801,Box_freq,None,no comment
802,Box_freq,None,no comment
803,Box_freq,,no comment
804,Box_freq,I have learning disabilities and not able to understand very good ,create learning disability friendly graphs
805,Box_freq,,no comment
806,Box_freq,less complcsted,make easier to understand
807,Box_freq,,no comment
808,Box_freq,,no comment
809,Box_freq,None,no comment
810,Box_freq,,no comment
811,Box_freq,,no comment
812,Box_freq,,no comment
813,Box_freq,Interesting but difficult to understand the graphing,make easier to understand
814,Box_freq,,no comment
815,Box_freq,,no comment
816,Box_freq,"I think the graphs could be understood by someone with a background in statistics, and they were obviously made by an expert. The graphs do contain great information, but I think they should be simplified because I did have a bit of trouble understanding certain aspects of the graph, especially when tasked with using the information to determine answers to hypothetical flooding/financial dilemmas. ",make simpler
817,Box_freq,,no comment
818,Box_freq,,no comment
819,Box_freq,,no comment
820,Box_freq,None,no comment
821,Box_freq,Make peint bigger ,larger font
822,Box_freq,,no comment
823,Box_freq,,no comment
824,Box_freq,More descriptions,add explanation
825,Box_freq,,no comment
826,Box_freq,It was hard to read.,make easier to read
827,Box_freq,,no comment
828,Box_freq,,no comment
829,Box_freq,,no comment
830,Box_freq,,no comment
831,Box_freq,,no comment
832,Box_freq,,no comment
833,Box_freq,TOO DIFFICULT TO INTERPRET,make easier to understand
834,Box_freq,,no comment
835,Box_freq,,no comment
836,Box_freq,,no comment
837,Box_freq,,no comment
838,Box_freq,,no comment
839,Box_freq,Makes one think. Found it interesting,thought provoking
840,Box_freq,,no comment
841,Box_freq,,no comment
842,Box_freq,,no comment
843,Box_freq,,no comment
844,Box_freq,,no comment
845,Box_freq,,no comment
846,Box_freq,,no comment
847,Box_freq,,no comment
848,Box_freq,,no comment
849,Box_freq,,no comment
850,Box_freq,,no comment
851,Box_freq,,no comment
852,Box_freq,,no comment
853,Box_freq,,no comment
854,Box_freq,,no comment
855,Box_freq,,no comment
856,Box_freq,,no comment
857,Box_freq,,no comment
858,Box_freq,,no comment
859,Box_freq,None,no comment
860,Box_freq,,no comment
861,Box_freq,,no comment
862,Box_freq,,no comment
863,Box_freq,,no comment
864,Box_freq,,no comment
865,Box_freq,,no comment
866,Box_freq,No,no comment
867,Box_freq,,no comment
868,Box_freq,,no comment
869,Box_freq,,no comment
870,Box_freq,,no comment
871,Box_freq,,no comment
872,Box_freq,Use a ruler lol,add grid
873,Box_freq,The graph was done perfectly ,good as is
874,Box_freq,,no comment
875,Box_freq,,no comment
876,Box_freq,,no comment
877,Box_freq,all good,good as is
878,Box_freq,Graphs are too small to be well perused,make larger
879,Box_freq,The attempted representation of correlatio between rainfall events and carbon emissions is confusing.,confusing
880,Box_freq,,no comment
881,Box_freq,,no comment
882,Box_freq,None thanks ,no comment
883,Box_freq,,no comment
884,Box_freq,,no comment
885,Box_freq,,no comment
886,Box_freq,,no comment
887,Box_freq,,no comment
888,Box_freq,,no comment
889,Box_freq,Did not provide specifics to reference the data ,methods/ data sources wanted
890,Box_freq,,no comment
891,Box_freq,Make them bigger ,make larger
892,Box_freq,n/A,no comment
893,Box_freq,,no comment
894,Box_freq,These surveys don't lend themselves to thoughtful consideration of complex matters. I would be interested to now if my answers were correct (where possible).,want to know score
895,Box_freq,,no comment
896,Box_freq,Inferring actual probabilities from the bar charts is very hazardous because the graphics are themselves crudely drawn and probably will frustrate even the most climate change-believing respondents ,don't infer probabilities from bar graphs
897,Box_freq,,no comment
898,Box_freq,,no comment
899,Box_freq,No comment,no comment
900,Box_freq,,no comment
901,Box_freq,,no comment
902,Box_freq,,no comment
903,Box_freq,,no comment
904,Box_freq,,no comment
905,Box_freq,,no comment
906,Box_freq,Make them easier to read,make easier to read
907,Box_freq,,no comment
908,Box_freq,,no comment
909,Box_freq,,no comment
910,Box_freq,graphs contained a lot of information and historical research,graphs contained a lot of information
911,Box_freq,,no comment
912,Box_freq,,no comment
913,Box_freq,,no comment
914,Box_freq,,no comment
915,Box_freq,,no comment
916,Box_freq,,no comment
917,Box_freq,Simplify them maybe split the graph into two graphs instead of one ,make simpler
918,Box_freq,,no comment
919,Box_freq,,no comment
920,Box_freq,,no comment
921,Box_freq,,no comment
922,Box_freq,,no comment
923,Box_freq,,no comment
924,Box_freq,It very well presented and I learnt a lot from it. ,I learned something
925,Box_freq,,no comment
926,Box_freq,,no comment
927,Box_freq,Simplify it ,make simpler
928,Box_freq,I love the graphs makes it easy to read,good as is
929,Box_freq,,no comment
930,Box_freq,Make better graphs ,improvement needed
931,Box_freq,Add a little bit more detail I have the beginning because I was confused at the start,improve explanations
932,Box_freq,simpler,make simpler
933,Box_freq,Why would anyone stay/own a house next to a river on a Seasonal floodplain ,why would someone live in a floodplain?
934,Box_freq,,no comment
935,Box_freq,I do not know how to figure these graphs out.,make easier to understand
936,Box_freq,,no comment
937,Box_freq,It was great ,good as is
938,Box_freq,,no comment
939,Box_freq,,no comment
940,Box_freq,,no comment
941,Box_freq,,no comment
942,Box_freq,,no comment
943,Box_freq,,no comment
944,Box_freq,simplify it ,make simpler
945,Box_freq,"I would have used side bar graphs, showing the differences in rainfall amounts. A color for each and a third color for emissions.",use different graph type
946,Box_freq,,no comment
947,Box_freq,,no comment
948,Box_freq,THis was a great and informative thank you,informative
949,Box_freq,.,no comment
950,Box_freq,great survey,good survey
951,Box_freq,,no comment
952,Box_freq,,no comment
953,Box_freq,,no comment
954,Box_freq,,no comment
955,Box_freq,,no comment
956,Box_freq,,no comment
957,Box_freq,,no comment
958,Box_freq,Very thoughtful engaging survey,thought provoking
959,Box_freq,,no comment
960,Box_freq,,no comment
961,Box_freq,Thx ,thank you
962,Box_freq,,no comment
963,Box_freq,,no comment
964,Box_freq,,no comment
965,Box_freq,,no comment
966,Box_freq,,no comment
967,Box_freq,,no comment
968,Box_freq,,no comment
969,Box_freq,None at this time. ,no comment
970,Box_freq,None,no comment
971,Box_freq,none,no comment
972,Box_freq,No,no comment
973,Box_freq,,no comment
974,Box_freq,,no comment
975,Box_freq,,no comment
976,Box_freq,,no comment
977,Box_freq,make them simpler,make simpler
978,Box_freq,,no comment
979,Box_freq,,no comment
980,Box_freq,,no comment
981,Box_freq,,no comment
982,Box_freq,,no comment
983,Box_freq,,no comment
984,Box_freq,,no comment
985,Box_freq,,no comment
986,Box_freq,,no comment
987,Box_freq,,no comment
988,Box_int,,no comment
989,Box_int,,no comment
990,Box_int,,no comment
991,Box_int,,no comment
992,Box_int,Make the graphics larger,make larger
993,Box_int,Male them zoomable for phones,make zoomable
994,Box_int,"it was a little confusing, but I think I understood it better as time went along.",make easier to understand
995,Box_int,There's nothing that needs to be improved ,good as is
996,Box_int,The graphs were great.  I just have a hard time dealing with graphs.,make easier to understand
997,Box_int,None ,no comment
998,Box_int,The graphs were very good ,good as is
999,Box_int,"the graphs need to have more range to show the differences, you have them squashed down way too much",scale inconsistency
1000,Box_int,,no comment
1001,Box_int,Amazing ,good as is
1002,Box_int,,no comment
1003,Box_int,,no comment
1004,Box_int,,no comment
1005,Box_int,,no comment
1006,Box_int,,no comment
1007,Box_int,,no comment
1008,Box_int,,no comment
1009,Box_int,Would like the ability to enlarge graphs,make zoomable
1010,Box_int,No,no comment
1011,Box_int,,no comment
1012,Box_int,,no comment
1013,Box_int,,no comment
1014,Box_int,,no comment
1015,Box_int,,no comment
1016,Box_int,,no comment
1017,Box_int,,no comment
1018,Box_int,Nice survey…,good survey
1019,Box_int,,no comment
1020,Box_int,,no comment
1021,Box_int,CLIMATE CHANGE IS A LONG PROCESS AND VERY COMPLICATED HUMAN INTERFACE IS A SMALL FACTOR ASWELL,global warming is a hoax
1022,Box_int,No thanks ,no comment
1023,Box_int,,no comment
1024,Box_int,,no comment
1025,Box_int,,no comment
1026,Box_int,WOW !,good survey
1027,Box_int,Was entertaining,good survey
1028,Box_int,,no comment
1029,Box_int,,no comment
1030,Box_int,less info per graph,make simpler
1031,Box_int,,no comment
1032,Box_int,,no comment
1033,Box_int,I liked the graphics.,good as is
1034,Box_int,"I was confused, I tried to understand the graphs but my head was spinning",make easier to understand
1035,Box_int,,no comment
1036,Box_int,,no comment
1037,Box_int,,no comment
1038,Box_int,,no comment
1039,Box_int,,no comment
1040,Box_int,Stop with the dumb climate change nonsense ,global warming is a hoax
1041,Box_int,,no comment
1042,Box_int,,no comment
1043,Box_int,I don't really have any additional comments,no comment
1044,Box_int,,no comment
1045,Box_int,,no comment
1046,Box_int,Fun,good survey
1047,Box_int,None,no comment
1048,Box_int,,no comment
1049,Box_int,,no comment
1050,Box_int,,no comment
1051,Box_int,,no comment
1052,Box_int,,no comment
1053,Box_int,,no comment
1054,Box_int,,no comment
1055,Box_int,,no comment
1056,Box_int,thoughtful survey ,thought provoking
1057,Box_int,,no comment
1058,Box_int,very interesting,good survey
1059,Box_int,,no comment
1060,Box_int,,no comment
1061,Box_int,,no comment
1062,Box_int,You lost me about 1/2 through ,confusing
1063,Box_int,None ,no comment
1064,Box_int,Need more training ,improve explanations
1065,Box_int,the cost of flood insurance in scenario is vastly underpriced ,flood insurance should cost more
1066,Box_int,,no comment
1067,Box_int,,no comment
1068,Box_int,,no comment
1069,Box_int,,no comment
1070,Box_int,,no comment
1071,Box_int,,no comment
1072,Box_int,,no comment
1073,Box_int,,no comment
1074,Box_int,Make them a little larger as they are hard to read due to size,make larger
1075,Box_int,,no comment
1076,Box_int,,no comment
1077,Box_int,,no comment
1078,Box_int,,no comment
1079,Box_int,I thought everything looked good and was very useful,good as is
1080,Box_int,,no comment
1081,Box_int,,no comment
1082,Box_int,It was hard to read without my glasses.,make larger
1083,Box_int,"The Graphs are extremely hard to read it was like looking at french being expected to read french and I don't know french so the graphs need to be tweaked a bit so it can be readable/usable I am not a very smart person so this was a bit to take on I know I failed most of this survey and that is ok however, I feel that if it was tweaked a bit it would be easy for a 3rd grader to read it so honestly it would be nice if y'all changed it and then give me a chance to retake this survey people are strong in some areas and weak in others so with this graph reading that is my weakness so I hope you understand that some can do this survey with flying colors and others like me not at all lol have a good day.",make easier to read
1084,Box_int,,no comment
1085,Box_int,Excellent work ,good as is
1086,Box_int,It very good ,good as is
1087,Box_int,,no comment
1088,Box_int,No thank you ,no comment
1089,Box_int,,no comment
1090,Box_int,,no comment
1091,Box_int,,no comment
1092,Box_int,I enjoyed the survey!,good survey
1093,Box_int,overly complex,make simpler
1094,Box_int,,no comment
1095,Box_int,,no comment
1096,Box_int,,no comment
1097,Box_int,,no comment
1098,Box_int,,no comment
1099,Box_int,I would be curious to know how I did answering the graph questions ,want to know score
1100,Box_int,None,no comment
1101,Box_int,Good as is,good as is
1102,Box_int,,no comment
1103,Box_int,,no comment
1104,Box_int,,no comment
1105,Box_int,More description ,add explanation
1106,Box_int,Too much information for one graph representation ,make simpler
1107,Box_int,,no comment
1108,Box_int,,no comment
1109,Box_int,,no comment
1110,Box_int,,no comment
1111,Box_int,,no comment
1112,Box_int,,no comment
1113,Box_int,,no comment
1114,Box_int,,no comment
1115,Box_int,,no comment
1116,Box_int,No other comments,no comment
1117,Box_int,,no comment
1118,Box_int,Learned a lot about this survey topic thank you ,I learned something
1119,Box_int,,no comment
1120,Box_int,,no comment
1121,Box_int,This survey was quite interesting ,good survey
1122,Box_int,Throw them away! ,I don't like the graphs
1123,Box_int,I have no opinion about this graph because personally I think it is correct according to previous year.,good as is
1124,Box_int,,no comment
1125,Box_int,,no comment
1126,Box_int,,no comment
1127,Box_int,More details about keynotes,improve explanations
1128,Box_int,,no comment
1129,Box_int,Wonderful,good as is
1130,Box_int,"I was confused, even as someone who took the course AP statistics.",confusing
1131,Box_int,,no comment
1132,Box_int,,no comment
1133,Box_int,Legend needs to be easier for others to understand without having to look up terminology ,define terminology
1134,Box_int,,no comment
1135,Box_int,,no comment
1136,Box_int,Better word choice to understand ,define terminology
1137,Box_int,,no comment
1138,Box_int,,no comment
1139,Box_int,The survey was amazing and informative I like it very much ,informative
1140,Box_int,None,no comment
1141,Box_int,,no comment
1142,Box_int,,no comment
1143,Box_int,well it was fine nothing much to improve,good as is
1144,Box_int,The survey was amazing fantastic and informative ,informative
1145,Box_int,,no comment
1146,Box_int,,no comment
1147,Box_int,,no comment
1148,Box_int,It would be nicer to have a different kind of graph,use different graph type
1149,Box_int,,no comment
1150,Box_int,,no comment
1151,Box_int,,no comment
1152,Box_int,,no comment
1153,Box_int,,no comment
1154,Box_int,,no comment
1155,Box_int,,no comment
1156,Box_int,,no comment
1157,Box_int,,no comment
1158,Box_int,To be more comfortable ,make easier to understand
1159,Box_int,,no comment
1160,Box_int,,no comment
1161,Box_int,Explain it better and show a better graph I didn’t understand ,improve explanations
1162,Box_int,,no comment
1163,Box_int,,no comment
1164,Box_int,,no comment